AP_Chittoor,AP_Kurnool
AP_Kurnool,AP_Prakasam
AP_Prakasam,AP_Guntur
AP_Guntur,AP_Krishna
AP_Krishna,AP_West Godavari
AP_West Godavari,AP_East Godavari
AP_East Godavari,AP_Visakhapatnam
AP_Visakhapatnam,AP_Vizianagaram
AP_Vizianagaram,AP_Srikakulam
AP_Srikakulam,OR_Gajapati
OR_Gajapati,OR_Ganjam
OR_Ganjam,OR_Kandhamal
OR_Kandhamal,OR_Balangir
OR_Balangir,OR_Angul
OR_Angul,OR_Bargarh
OR_Bargarh,CT_Mahasamund
CT_Mahasamund,CT_Baloda Bazar
CT_Baloda Bazar,CT_Bametara
CT_Bametara,CT_Durg
CT_Durg,CT_Balod
CT_Balod,CT_Dhamtari
CT_Dhamtari,CT_Gariaband
CT_Gariaband,CT_Raipur
CT_Gariaband,OR_Kalahandi
OR_Kalahandi,OR_Koraput
OR_Koraput,CT_Bastar
CT_Bastar,CT_Bijapur
CT_Bijapur,CT_Kondagaon
CT_Kondagaon,CT_Narayanpur
CT_Narayanpur,CT_Sukma
CT_Sukma,OR_Malkangiri
CT_Sukma,TG_Bhadradri Kothagudem
TG_Bhadradri Kothagudem,TG_Khammam
TG_Khammam,TG_Mahabubabad
TG_Mahabubabad,TG_Jangaon
TG_Jangaon,TG_Siddipet
TG_Siddipet,TG_Kamareddy
TG_Kamareddy,GA_North Goa
GA_North Goa,GA_South Goa
GA_South Goa,KA_Uttara Kannada
KA_Uttara Kannada,KA_Dakshina Kannada
KA_Dakshina Kannada,KA_Kodagu
KA_Kodagu,KL_Ernakulam
KL_Ernakulam,KL_Alappuzha
KL_Alappuzha,KL_Kollam
KL_Kollam,KL_Idukki
KL_Idukki,KL_Kottayam
KL_Idukki,KL_Malappuram
KL_Malappuram,KL_Kozhikode
KL_Kozhikode,KL_Wayanad
KL_Wayanad,KL_Thiruvananthapuram
KL_Thiruvananthapuram,KL_Thrissur
KL_Thrissur,MH_Kolhapur
MH_Kolhapur,MH_Latur
MH_Latur,MH_Ahmednagar
MH_Ahmednagar,MH_Aurangabad2
MH_Aurangabad2,MH_Jalgaon
MH_Jalgaon,MH_Buldhana
MH_Buldhana,MH_Akola
MH_Akola,MH_Amravati
MH_Amravati,MH_Nagpur
MH_Nagpur,MH_Bhandara
MH_Bhandara,MH_Chandrapur
MH_Chandrapur,MH_Gadchiroli
MH_Gadchiroli,CT_Rajnandgaon
CT_Rajnandgaon,CT_Kabeerdham
CT_Kabeerdham,CT_Mungeli
CT_Mungeli,HP_Bilaspur
HP_Bilaspur,CT_Janjgir Champa
CT_Janjgir Champa,CT_Korba
CT_Korba,CT_Koriya
CT_Koriya,CT_Surajpur
CT_Surajpur,CT_Balrampur2
CT_Balrampur2,CT_Jashpur
CT_Jashpur,CT_Raigarh
CT_Raigarh,CT_Surguja
CT_Raigarh,OR_Jharsuguda
OR_Jharsuguda,OR_Sambalpur
OR_Sambalpur,OR_Boudh
OR_Boudh,OR_Nayagarh
OR_Nayagarh,OR_Cuttack
OR_Cuttack,OR_Dhenkanal
OR_Dhenkanal,OR_Jajpur
OR_Jajpur,OR_Bhadrak
OR_Bhadrak,OR_Kendrapara
OR_Kendrapara,OR_Jagatsinghpur
OR_Jagatsinghpur,OR_Puri
OR_Puri,OR_Khordha
OR_Bhadrak,OR_Kendujhar
OR_Kendujhar,JH_Khunti
JH_Khunti,JH_Gumla
JH_Gumla,JH_Latehar
JH_Latehar,JH_Chatra
JH_Chatra,BR_Gaya
BR_Gaya,BR_Arwal
BR_Arwal,BR_Aurangabad1
BR_Aurangabad1,BR_Rohtas
BR_Rohtas,BR_Bhojpur
BR_Bhojpur,BR_Buxar
BR_Buxar,UP_Ballia
UP_Ballia,BR_Saran
BR_Saran,BR_Gopalganj
BR_Gopalganj,BR_Muzaffarpur
BR_Muzaffarpur,BR_Darbhanga
BR_Darbhanga,BR_Madhubani
BR_Madhubani,BR_Saharsa
BR_Saharsa,BR_Khagaria
BR_Khagaria,BR_Begusarai
BR_Begusarai,BR_Lakhisarai
BR_Lakhisarai,BR_Jamui
BR_Jamui,BR_Banka
BR_Banka,BR_Bhagalpur
BR_Bhagalpur,BR_Katihar
BR_Katihar,BR_Purnia
BR_Purnia,BR_Araria
BR_Araria,BR_Kishanganj
BR_Kishanganj,WB_Darjeeling
WB_Darjeeling,WB_Jalpaiguri
WB_Jalpaiguri,AS_Dhubri
AS_Dhubri,AS_Bongaigaon
AS_Bongaigaon,AS_Barpeta
AS_Barpeta,AS_Baksa
AS_Baksa,AS_Chirang
AS_Chirang,AS_Kokrajhar
AS_Kokrajhar,WB_Alipurduar
AS_Baksa,AS_Darrang
AS_Darrang,AS_Kamrup
AS_Kamrup,AS_Goalpara
AS_Goalpara,AS_South Salmara Mankachar
AS_South Salmara Mankachar,ML_North Garo Hills
ML_North Garo Hills,ML_East Garo Hills
ML_East Garo Hills,ML_South Garo Hills
ML_South Garo Hills,ML_South West Khasi Hills
ML_South West Khasi Hills,ML_East Khasi Hills
ML_East Khasi Hills,ML_Ribhoi
ML_Ribhoi,AS_Kamrup Metropolitan
AS_Kamrup Metropolitan,AS_Morigaon
AS_Morigaon,AS_Nagaon
AS_Nagaon,AS_Biswanath
AS_Biswanath,AR_Pakke Kessang
AR_Pakke Kessang,AR_East Kameng
AR_East Kameng,AR_Kra Daadi
AR_Kra Daadi,AR_Kamle
AR_Kamle,AR_Lower Siang
AR_Lower Siang,AR_East Siang
AR_East Siang,AR_Lower Dibang Valley
AR_Lower Dibang Valley,AR_Lohit
AR_Lohit,AR_Anjaw
AR_Anjaw,AR_Changlang
AR_Changlang,AR_Namsai
AR_Namsai,AS_Tinsukia
AS_Tinsukia,AR_Tirap
AR_Tirap,AR_Longding
AR_Longding,AS_Charaideo
AS_Charaideo,AS_Dibrugarh
AS_Dibrugarh,AS_Dhemaji
AS_Dhemaji,AS_Lakhimpur
AS_Lakhimpur,AR_Papum Pare
AR_Papum Pare,AR_Lower Subansiri
AR_Papum Pare,AR_Upper Subansiri
AR_Upper Subansiri,AR_Lepa Rada
AR_Lepa Rada,AR_West Siang
AR_West Siang,AR_Shi Yomi
AR_Shi Yomi,AR_Siang
AR_Siang,AR_Upper Siang
AR_Upper Siang,AR_Upper Dibang Valley
AR_Shi Yomi,AR_Upper Siang
AR_West Siang,AR_Siang
AR_Upper Subansiri,AR_Shi Yomi
AR_Upper Subansiri,AR_West Siang
AS_Lakhimpur,AS_Golaghat
AS_Golaghat,AS_Cachar
AS_Cachar,AS_Hailakandi
AS_Hailakandi,AS_Karimganj
AS_Karimganj,MZ_Mamit
MZ_Mamit,MZ_Aizawl
MZ_Aizawl,MN_Pherzawl
MN_Pherzawl,MN_Churachandpur
MN_Churachandpur,MN_Bishnupur
MN_Bishnupur,MN_Imphal West
MN_Imphal West,MN_Imphal East
MN_Imphal East,MN_Kangpokpi
MN_Kangpokpi,MN_Kamjong
MN_Kamjong,MN_Tengnoupal
MN_Tengnoupal,MN_Chandel
MN_Chandel,MN_Kakching
MN_Kakching,MN_Thoubal
MN_Tengnoupal,MN_Kakching
MN_Tengnoupal,MN_Thoubal
MN_Kamjong,MN_Ukhrul
MN_Ukhrul,MN_Senapati
MN_Senapati,MN_Tamenglong
MN_Tamenglong,AS_Hojai
AS_Hojai,AS_West Karbi Anglong
AS_West Karbi Anglong,ML_East Jaintia Hills
ML_East Jaintia Hills,ML_West Jaintia Hills
ML_West Jaintia Hills,NL_Dimapur
NL_Dimapur,NL_Kohima
NL_Kohima,NL_Peren
NL_Kohima,NL_Phek
NL_Phek,NL_Kiphire
NL_Kiphire,NL_Tuensang
NL_Tuensang,NL_Longleng
NL_Longleng,AS_Sivasagar
AS_Sivasagar,AS_Jorhat
AS_Jorhat,AS_Majuli
AS_Jorhat,NL_Mokokchung
NL_Mokokchung,NL_Wokha
NL_Wokha,NL_Zunheboto
NL_Mokokchung,NL_Zunheboto
AS_Jorhat,NL_Wokha
AS_Sivasagar,AS_Majuli
AS_Sivasagar,NL_Mokokchung
AS_Sivasagar,NL_Mon
NL_Longleng,NL_Mokokchung
NL_Longleng,NL_Mon
NL_Tuensang,NL_Mokokchung
NL_Tuensang,NL_Mon
NL_Tuensang,NL_Zunheboto
NL_Kiphire,NL_Zunheboto
NL_Phek,NL_Zunheboto
NL_Kohima,NL_Wokha
NL_Kohima,NL_Zunheboto
NL_Dimapur,NL_Peren
ML_West Jaintia Hills,NL_Peren
ML_East Jaintia Hills,NL_Dimapur
ML_East Jaintia Hills,NL_Peren
AS_West Karbi Anglong,ML_West Jaintia Hills
AS_West Karbi Anglong,NL_Dimapur
AS_West Karbi Anglong,NL_Peren
AS_Hojai,ML_East Jaintia Hills
AS_Hojai,ML_West Jaintia Hills
AS_Hojai,NL_Dimapur
AS_Hojai,NL_Peren
MN_Tamenglong,AS_West Karbi Anglong
MN_Tamenglong,ML_East Jaintia Hills
MN_Tamenglong,ML_West Jaintia Hills
MN_Tamenglong,MN_Jiribam
MN_Jiribam,MN_Noney
MN_Tamenglong,MN_Noney
MN_Tamenglong,NL_Dimapur
MN_Tamenglong,NL_Peren
MN_Senapati,NL_Kohima
MN_Senapati,NL_Peren
MN_Senapati,NL_Phek
MN_Ukhrul,NL_Phek
MN_Kangpokpi,MN_Noney
MN_Kangpokpi,MN_Senapati
MN_Kangpokpi,MN_Tamenglong
MN_Kangpokpi,MN_Tengnoupal
MN_Kangpokpi,MN_Thoubal
MN_Kangpokpi,MN_Ukhrul
MN_Imphal East,MN_Thoubal
MN_Imphal West,MN_Kakching
MN_Imphal West,MN_Kangpokpi
MN_Imphal West,MN_Thoubal
MN_Bishnupur,MN_Kakching
MN_Bishnupur,MN_Kangpokpi
MN_Bishnupur,MN_Noney
MN_Churachandpur,MN_Chandel
MN_Churachandpur,MN_Kakching
MN_Churachandpur,MN_Noney
MN_Pherzawl,MN_Jiribam
MN_Pherzawl,MN_Noney
MN_Pherzawl,MZ_Champhai
MZ_Champhai,MZ_Serchhip
MZ_Serchhip,MZ_Lunglei
MZ_Lunglei,MZ_Lawngtlai
MZ_Lawngtlai,MZ_Saiha
MZ_Aizawl,MZ_Champhai
MZ_Aizawl,MZ_Kolasib
MZ_Aizawl,MZ_Lunglei
MZ_Aizawl,MZ_Serchhip
MZ_Mamit,MZ_Kolasib
MZ_Mamit,MZ_Lunglei
MZ_Mamit,TR_North Tripura
TR_North Tripura,TR_Dhalai
TR_Dhalai,TR_Gomati
TR_Gomati,TR_Khowai
TR_Khowai,TR_Sipahijala
TR_Sipahijala,TR_South Tripura
TR_Sipahijala,TR_West Tripura
TR_Khowai,TR_West Tripura
TR_Gomati,TR_Sipahijala
TR_Gomati,TR_South Tripura
TR_Dhalai,TR_Khowai
TR_Dhalai,TR_Unokoti
TR_North Tripura,TR_Unokoti
AS_Karimganj,TR_North Tripura
AS_Hailakandi,MZ_Kolasib
AS_Hailakandi,MZ_Mamit
AS_Cachar,AS_Hojai
AS_Cachar,AS_Karimganj
AS_Cachar,AS_West Karbi Anglong
AS_Cachar,ML_East Jaintia Hills
AS_Cachar,ML_West Jaintia Hills
AS_Cachar,MN_Jiribam
AS_Cachar,MN_Pherzawl
AS_Cachar,MN_Tamenglong
AS_Cachar,MZ_Aizawl
AS_Cachar,MZ_Kolasib
AS_Cachar,NL_Dimapur
AS_Cachar,NL_Peren
AS_Golaghat,AS_Hojai
AS_Golaghat,AS_Jorhat
AS_Golaghat,AS_Majuli
AS_Golaghat,AS_West Karbi Anglong
AS_Golaghat,ML_East Jaintia Hills
AS_Golaghat,ML_West Jaintia Hills
AS_Golaghat,MN_Tamenglong
AS_Golaghat,NL_Dimapur
AS_Golaghat,NL_Kohima
AS_Golaghat,NL_Peren
AS_Golaghat,NL_Wokha
AS_Lakhimpur,AS_Majuli
AS_Dibrugarh,AS_Lakhimpur
AS_Dibrugarh,AS_Majuli
AS_Dibrugarh,AS_Sivasagar
AS_Charaideo,AS_Sivasagar
AS_Charaideo,NL_Mon
AR_Longding,AS_Dibrugarh
AR_Longding,NL_Mon
AR_Tirap,AS_Dibrugarh
AS_Tinsukia,AS_Dhemaji
AS_Tinsukia,AS_Dibrugarh
AR_Changlang,AR_Tirap
AR_Changlang,AS_Tinsukia
AR_Lohit,AR_Changlang
AR_Lohit,AR_Namsai
AR_Lohit,AS_Tinsukia
AR_Lower Dibang Valley,AR_Upper Dibang Valley
AR_Lower Dibang Valley,AR_Upper Siang
AR_Lower Dibang Valley,AS_Dhemaji
AR_Lower Dibang Valley,AS_Tinsukia
AR_East Siang,AR_Siang
AR_East Siang,AR_Upper Siang
AR_East Siang,AS_Dhemaji
AR_East Siang,AS_Tinsukia
AR_Lower Siang,AR_Lepa Rada
AR_Lower Siang,AR_Siang
AR_Lower Siang,AR_Upper Subansiri
AR_Lower Siang,AR_West Siang
AR_Lower Siang,AS_Dhemaji
AR_Kamle,AR_Lower Subansiri
AR_Kamle,AR_Papum Pare
AR_Kamle,AR_Upper Subansiri
AR_Kamle,AS_Dhemaji
AR_Kamle,AS_Lakhimpur
AR_Kra Daadi,AR_Lower Subansiri
AR_Kra Daadi,AR_Papum Pare
AR_Kra Daadi,AR_Upper Subansiri
AR_East Kameng,AR_Papum Pare
AR_East Kameng,AR_Upper Subansiri
AR_East Kameng,AS_Sonitpur
AS_Sonitpur,AS_Udalguri
AR_East Kameng,AS_Udalguri
AR_Pakke Kessang,AR_Papum Pare
AR_Pakke Kessang,AS_Sonitpur
AR_Pakke Kessang,AS_Udalguri
AS_Biswanath,AR_Papum Pare
AS_Biswanath,AS_Golaghat
AS_Biswanath,AS_Lakhimpur
AS_Biswanath,AS_Sonitpur
AS_Nagaon,AS_Cachar
AS_Nagaon,AS_Golaghat
AS_Nagaon,AS_Hojai
AS_Nagaon,AS_Sonitpur
AS_Nagaon,AS_West Karbi Anglong
AS_Nagaon,ML_East Jaintia Hills
AS_Nagaon,ML_West Jaintia Hills
AS_Nagaon,MN_Tamenglong
AS_Nagaon,NL_Dimapur
AS_Nagaon,NL_Peren
AS_Morigaon,AS_Sonitpur
AS_Morigaon,AS_West Karbi Anglong
ML_Ribhoi,AS_Morigaon
ML_Ribhoi,AS_West Karbi Anglong
ML_Ribhoi,ML_West Jaintia Hills
ML_Ribhoi,ML_West Khasi Hills
ML_East Khasi Hills,ML_West Jaintia Hills
ML_East Khasi Hills,ML_West Khasi Hills
ML_South West Khasi Hills,ML_West Khasi Hills
ML_South Garo Hills,ML_West Garo Hills
ML_West Garo Hills,ML_South West Garo Hills
ML_South Garo Hills,ML_West Khasi Hills
ML_East Garo Hills,ML_West Garo Hills
ML_East Garo Hills,ML_West Khasi Hills
ML_North Garo Hills,ML_West Garo Hills
ML_North Garo Hills,ML_West Khasi Hills
AS_South Salmara Mankachar,ML_South West Garo Hills
AS_South Salmara Mankachar,ML_West Garo Hills
AS_Goalpara,ML_North Garo Hills
AS_Goalpara,ML_West Garo Hills
AS_Kamrup,AS_Kamrup Metropolitan
AS_Kamrup,AS_Nalbari
AS_Kamrup,ML_North Garo Hills
AS_Kamrup,ML_Ribhoi
AS_Kamrup,ML_West Khasi Hills
AS_Darrang,AS_Kamrup Metropolitan
AS_Darrang,AS_Morigaon
AS_Darrang,AS_Sonitpur
AS_Darrang,AS_Udalguri
AS_Baksa,AS_Kamrup
AS_Baksa,AS_Nalbari
AS_Baksa,AS_Udalguri
AS_Barpeta,AS_Chirang
AS_Barpeta,AS_Goalpara
AS_Barpeta,AS_Kamrup
AS_Barpeta,AS_Nalbari
AS_Bongaigaon,AS_Chirang
AS_Bongaigaon,AS_Goalpara
AS_Bongaigaon,AS_Kokrajhar
AS_Dhubri,AS_Goalpara
AS_Dhubri,AS_Kokrajhar
AS_Dhubri,AS_South Salmara Mankachar
AS_Dhubri,WB_Alipurduar
WB_Jalpaiguri,AS_Kokrajhar
WB_Jalpaiguri,WB_Alipurduar
WB_Jalpaiguri,WB_Kalimpong
WB_Darjeeling,WB_Kalimpong
WB_Darjeeling,WB_Uttar Dinajpur
WB_Uttar Dinajpur,WB_Dakshin Dinajpur
WB_Dakshin Dinajpur,WB_Malda
WB_Malda,JH_Sahibganj
JH_Sahibganj,JH_Godda
JH_Godda,JH_Dumka
JH_Dumka,JH_Deoghar
JH_Deoghar,JH_Giridih
JH_Giridih,BR_Nawada
BR_Nawada,BR_Nalanda
BR_Nalanda,BR_Jehanabad
BR_Jehanabad,BR_Patna
BR_Patna,BR_Samastipur
BR_Samastipur,BR_Vaishali
BR_Patna,BR_Vaishali
BR_Nalanda,BR_Patna
BR_Nalanda,BR_Sheikhpura
BR_Nawada,BR_Sheikhpura
BR_Nawada,JH_Koderma
JH_Koderma,JH_Hazaribagh
JH_Hazaribagh,JH_Bokaro
JH_Bokaro,JH_Dhanbad
JH_Dhanbad,JH_Jamtara
JH_Jamtara,WB_Birbhum
WB_Birbhum,JH_Pakur
JH_Pakur,WB_Murshidabad
WB_Murshidabad,WB_Nadia
WB_Nadia,WB_Bankura
WB_Bankura,WB_Howrah
WB_Howrah,WB_Kolkata
WB_Kolkata,WB_North 24 Parganas
WB_North 24 Parganas,WB_Paschim Medinipur
WB_Paschim Medinipur,OR_Mayurbhanj
OR_Mayurbhanj,JH_Ranchi
JH_Ranchi,JH_Lohardaga
JH_Ranchi,JH_Ramgarh
JH_Ramgarh,WB_Purulia
WB_Purulia,JH_Simdega
JH_Simdega,OR_Sundargarh
OR_Sundargarh,WB_Jhargram
WB_Jhargram,WB_Purba Medinipur
WB_Purba Medinipur,WB_South 24 Parganas
JH_Simdega,WB_Jhargram
WB_Purulia,OR_Sundargarh
WB_Purulia,WB_Jhargram
WB_Purulia,WB_Paschim Bardhaman
WB_Paschim Bardhaman,WB_Purba Bardhaman
JH_Ranchi,JH_Simdega
JH_Ranchi,OR_Sundargarh
JH_Ranchi,WB_Jhargram
JH_Ranchi,WB_Purulia
OR_Mayurbhanj,JH_Simdega
OR_Mayurbhanj,OR_Sundargarh
OR_Mayurbhanj,WB_Jhargram
OR_Mayurbhanj,WB_Purba Medinipur
OR_Mayurbhanj,WB_Purulia
WB_Paschim Medinipur,WB_Jhargram
WB_Paschim Medinipur,WB_Purba Bardhaman
WB_Paschim Medinipur,WB_Purba Medinipur
WB_North 24 Parganas,WB_Purba Bardhaman
WB_North 24 Parganas,WB_South 24 Parganas
WB_Kolkata,WB_South 24 Parganas
WB_Howrah,WB_North 24 Parganas
WB_Howrah,WB_Paschim Medinipur
WB_Howrah,WB_Purba Bardhaman
WB_Howrah,WB_Purba Medinipur
WB_Howrah,WB_South 24 Parganas
WB_Bankura,WB_Jhargram
WB_Bankura,WB_North 24 Parganas
WB_Bankura,WB_Paschim Bardhaman
WB_Bankura,WB_Paschim Medinipur
WB_Bankura,WB_Purba Bardhaman
WB_Bankura,WB_Purulia
WB_Nadia,WB_Howrah
WB_Nadia,WB_North 24 Parganas
WB_Nadia,WB_Paschim Medinipur
WB_Nadia,WB_Purba Bardhaman
WB_Murshidabad,WB_Purba Bardhaman
WB_Birbhum,WB_Murshidabad
WB_Birbhum,WB_Paschim Bardhaman
WB_Birbhum,WB_Purba Bardhaman
JH_Jamtara,WB_Paschim Bardhaman
JH_Dhanbad,WB_Paschim Bardhaman
JH_Dhanbad,WB_Purulia
JH_Bokaro,JH_Ramgarh
JH_Bokaro,WB_Purulia
JH_Hazaribagh,JH_Ramgarh
JH_Hazaribagh,JH_Ranchi
JH_Giridih,JH_Bokaro
JH_Giridih,JH_Dhanbad
JH_Giridih,JH_Hazaribagh
JH_Giridih,JH_Jamtara
JH_Giridih,JH_Koderma
JH_Deoghar,JH_Jamtara
JH_Dumka,JH_Jamtara
JH_Dumka,JH_Pakur
JH_Dumka,WB_Birbhum
JH_Godda,JH_Pakur
JH_Sahibganj,JH_Pakur
JH_Sahibganj,WB_Murshidabad
WB_Malda,WB_Murshidabad
WB_Uttar Dinajpur,WB_Malda
BR_Kishanganj,WB_Uttar Dinajpur
BR_Araria,BR_Madhepura
BR_Madhepura,BR_Supaul
BR_Araria,BR_Supaul
BR_Purnia,BR_Kishanganj
BR_Purnia,BR_Madhepura
BR_Purnia,WB_Uttar Dinajpur
BR_Katihar,JH_Sahibganj
BR_Katihar,WB_Malda
BR_Katihar,WB_Uttar Dinajpur
BR_Bhagalpur,BR_Madhepura
BR_Bhagalpur,BR_Munger
BR_Bhagalpur,BR_Purnia
BR_Bhagalpur,JH_Godda
BR_Bhagalpur,JH_Sahibganj
BR_Banka,BR_Munger
BR_Banka,JH_Deoghar
BR_Banka,JH_Dumka
BR_Banka,JH_Godda
BR_Jamui,BR_Munger
BR_Jamui,BR_Nawada
BR_Jamui,BR_Sheikhpura
BR_Jamui,JH_Deoghar
BR_Jamui,JH_Giridih
BR_Lakhisarai,BR_Munger
BR_Lakhisarai,BR_Nalanda
BR_Lakhisarai,BR_Patna
BR_Lakhisarai,BR_Sheikhpura
BR_Begusarai,BR_Munger
BR_Begusarai,BR_Patna
BR_Begusarai,BR_Samastipur
BR_Khagaria,BR_Bhagalpur
BR_Khagaria,BR_Madhepura
BR_Khagaria,BR_Munger
BR_Khagaria,BR_Samastipur
BR_Saharsa,BR_Madhepura
BR_Saharsa,BR_Samastipur
BR_Saharsa,BR_Supaul
BR_Madhubani,BR_Sitamarhi
BR_Sitamarhi,BR_Sheohar
BR_Sheohar,UP_Kushinagar
UP_Kushinagar,UP_Deoria
UP_Deoria,BR_Siwan
UP_Deoria,UP_Gorakhpur
UP_Gorakhpur,UP_Ambedkar Nagar
UP_Ambedkar Nagar,UP_Amethi
UP_Amethi,UP_Barabanki
UP_Barabanki,UP_Bahraich
UP_Bahraich,UP_Gonda
UP_Gonda,UP_Balrampur1
UP_Balrampur1,UP_Shrawasti
UP_Balrampur1,UP_Siddharthnagar
UP_Siddharthnagar,UP_Basti
UP_Basti,UP_Sant Kabir Nagar
UP_Basti,UP_Sultanpur
UP_Sultanpur,UP_Azamgarh
UP_Azamgarh,UP_Ghazipur
UP_Ghazipur,UP_Chandauli
UP_Chandauli,UP_Mirzapur
UP_Mirzapur,MP_Rewa
MP_Rewa,MP_Satna
MP_Satna,MP_Katni
MP_Katni,MP_Damoh
MP_Damoh,MP_Chhatarpur
MP_Chhatarpur,MP_Panna
MP_Panna,UP_Banda
UP_Banda,UP_Chitrakoot
UP_Chitrakoot,UP_Fatehpur
UP_Fatehpur,UP_Hamirpur
UP_Hamirpur,UP_Jalaun
UP_Jalaun,MP_Bhind
MP_Bhind,MP_Datia
MP_Datia,MP_Gwalior
MP_Gwalior,MP_Morena
MP_Morena,MP_Sheopur
MP_Sheopur,MP_Shivpuri
MP_Shivpuri,MP_Ashoknagar
MP_Ashoknagar,MP_Guna
MP_Guna,MP_Bhopal
MP_Bhopal,MP_Raisen
MP_Raisen,MP_Chhindwara
MP_Chhindwara,MP_Betul
MP_Betul,MP_Harda
MP_Harda,MP_Dewas
MP_Dewas,MP_Indore
MP_Indore,MP_Dhar
MP_Dhar,MP_Alirajpur
MP_Alirajpur,DN_Diu
DN_Diu,GJ_Patan
GJ_Patan,GJ_Rajkot
GJ_Rajkot,GJ_Surat
GJ_Surat,GJ_Valsad
GJ_Valsad,DN_Dadra and Nagar Haveli
DN_Dadra and Nagar Haveli,MH_Palghar
MH_Palghar,MH_Nashik
MH_Nashik,MH_Dhule
MH_Dhule,MH_Nandurbar
MH_Nandurbar,MP_Barwani
MP_Barwani,MP_Khargone
MP_Khargone,MP_Burhanpur
MP_Burhanpur,MP_Khandwa
MP_Khargone,MP_Khandwa
MH_Nandurbar,MP_Jhabua
MP_Jhabua,MP_Ratlam
MP_Ratlam,MP_Agar Malwa
MP_Agar Malwa,MP_Rajgarh
MP_Rajgarh,MP_Sehore
MP_Sehore,MP_Hoshangabad
MP_Hoshangabad,MP_Jabalpur
MP_Jabalpur,MP_Dindori
MP_Dindori,MP_Anuppur
MP_Anuppur,MP_Shahdol
MP_Shahdol,MP_Sidhi
MP_Sidhi,MP_Singrauli
MP_Singrauli,UP_Sonbhadra
UP_Sonbhadra,JH_Garhwa
JH_Garhwa,JH_Palamu
MP_Shahdol,MP_Umaria
MP_Anuppur,MP_Umaria
MP_Dindori,MP_Mandla
MP_Mandla,MP_Balaghat
MP_Balaghat,MH_Gondia
MP_Balaghat,MP_Seoni
MP_Seoni,MP_Sagar
MP_Sagar,MP_Vidisha
MP_Sagar,UP_Lalitpur
UP_Lalitpur,MP_Tikamgarh
MP_Tikamgarh,UP_Jhansi
UP_Jhansi,UP_Mahoba
UP_Lalitpur,UP_Jhansi
MP_Mandla,MP_Seoni
MP_Dindori,MP_Umaria
MP_Jabalpur,MP_Mandla
MP_Jabalpur,MP_Sagar
MP_Jabalpur,MP_Seoni
MP_Jabalpur,MP_Umaria
MP_Hoshangabad,MP_Sagar
MP_Hoshangabad,MP_Seoni
MP_Sehore,MP_Shajapur
MP_Shajapur,MP_Ujjain
MP_Rajgarh,MP_Shajapur
MP_Rajgarh,RJ_Jhalawar
RJ_Jhalawar,MP_Mandsaur
MP_Mandsaur,MP_Neemuch
MP_Neemuch,RJ_Bhilwara
RJ_Bhilwara,RJ_Ajmer
RJ_Ajmer,RJ_Jaipur
RJ_Jaipur,HR_Mahendragarh
HR_Mahendragarh,HR_Charkhi Dadri
HR_Charkhi Dadri,HR_Hisar
HR_Hisar,HR_Fatehabad
HR_Fatehabad,HR_Jind
HR_Jind,HR_Kaithal
HR_Kaithal,HR_Karnal
HR_Karnal,HR_Kurukshetra
HR_Kurukshetra,HR_Ambala
HR_Ambala,CH_Chandigarh
CH_Chandigarh,HP_Solan
HP_Solan,HP_Mandi
HP_Mandi,HP_Kangra
HP_Kangra,HP_Chamba
HP_Chamba,HP_Lahaul and Spiti
HP_Lahaul and Spiti,HP_Kinnaur
HP_Kinnaur,HP_Kullu
HP_Kullu,HP_Shimla
HP_Shimla,HP_Sirmaur
HP_Sirmaur,HR_Panchkula
HR_Panchkula,PB_Fatehgarh Sahib
PB_Fatehgarh Sahib,PB_Ludhiana
PB_Ludhiana,PB_Barnala
PB_Barnala,PB_Bathinda
PB_Bathinda,HR_Sirsa
HR_Sirsa,PB_Faridkot
PB_Faridkot,PB_Fazilka
PB_Fazilka,PB_Ferozepur
PB_Ferozepur,PB_Jalandhar
PB_Jalandhar,PB_Hoshiarpur
PB_Hoshiarpur,HP_Una
HP_Una,PB_Rupnagar
PB_Rupnagar,PB_Patiala
PB_Patiala,PB_Sangrur
PB_Sangrur,PB_Mansa
PB_Rupnagar,PB_Shahid Bhagat Singh Nagar
PB_Shahid Bhagat Singh Nagar,PB_Kapurthala
PB_Kapurthala,PB_Amritsar
PB_Amritsar,PB_Gurdaspur
PB_Gurdaspur,PB_Pathankot
PB_Pathankot,JK_Kathua
JK_Kathua,JK_Doda
JK_Doda,JK_Anantnag
JK_Anantnag,JK_Bandipora
JK_Bandipora,JK_Baramulla
JK_Baramulla,JK_Budgam
JK_Budgam,JK_Kulgam
JK_Kulgam,JK_Punch
JK_Punch,JK_Rajouri
JK_Rajouri,JK_Jammu
JK_Jammu,JK_Reasi
JK_Reasi,JK_Ramban
JK_Ramban,JK_Udhampur
JK_Udhampur,JK_Samba
JK_Reasi,JK_Udhampur
JK_Jammu,JK_Samba
JK_Jammu,JK_Udhampur
JK_Rajouri,JK_Reasi
JK_Punch,JK_Reasi
JK_Kulgam,JK_Rajouri
JK_Kulgam,JK_Ramban
JK_Kulgam,JK_Reasi
JK_Kulgam,JK_Shopiyan
JK_Shopiyan,JK_Pulwama
JK_Pulwama,JK_Srinagar
JK_Srinagar,JK_Ganderbal
JK_Ganderbal,JK_Kishtwar
JK_Budgam,JK_Pulwama
JK_Budgam,JK_Punch
JK_Budgam,JK_Shopiyan
JK_Budgam,JK_Srinagar
JK_Baramulla,JK_Kupwara
JK_Baramulla,JK_Punch
JK_Baramulla,JK_Srinagar
JK_Bandipora,JK_Ganderbal
JK_Bandipora,JK_Kishtwar
JK_Bandipora,JK_Kupwara
JK_Bandipora,JK_Srinagar
JK_Anantnag,JK_Ganderbal
JK_Anantnag,JK_Kishtwar
JK_Anantnag,JK_Kulgam
JK_Anantnag,JK_Pulwama
JK_Anantnag,JK_Ramban
JK_Anantnag,JK_Shopiyan
JK_Anantnag,JK_Srinagar
JK_Doda,JK_Kishtwar
JK_Doda,JK_Ramban
JK_Doda,JK_Udhampur
JK_Kathua,JK_Samba
JK_Kathua,JK_Udhampur
PB_Amritsar,PB_Tarn Taran
PB_Kapurthala,PB_Gurdaspur
PB_Kapurthala,PB_Tarn Taran
PB_Hoshiarpur,PB_Gurdaspur
PB_Hoshiarpur,PB_Kapurthala
PB_Hoshiarpur,PB_Rupnagar
PB_Hoshiarpur,PB_Shahid Bhagat Singh Nagar
PB_Jalandhar,PB_Kapurthala
PB_Jalandhar,PB_Moga
PB_Jalandhar,PB_Shahid Bhagat Singh Nagar
PB_Ferozepur,PB_Kapurthala
PB_Ferozepur,PB_Moga
PB_Ferozepur,PB_Tarn Taran
PB_Ferozepur,RJ_Hanumangarh
RJ_Hanumangarh,HR_Rohtak
HR_Rohtak,HR_Jhajjar
HR_Jhajjar,DL_New Delhi
DL_New Delhi,HR_Faridabad
HR_Faridabad,HR_Gurugram
HR_Gurugram,HR_Nuh
HR_Nuh,HR_Palwal
HR_Palwal,UP_Aligarh
UP_Aligarh,UP_Budaun
UP_Budaun,UP_Bareilly
UP_Bareilly,UP_Pilibhit
UP_Pilibhit,UP_Shahjahanpur
UP_Shahjahanpur,UP_Farrukhabad
UP_Farrukhabad,UP_Etah
UP_Etah,UP_Agra
UP_Agra,RJ_Bharatpur
RJ_Bharatpur,RJ_Alwar
RJ_Alwar,HR_Rewari
RJ_Alwar,RJ_Dausa
RJ_Dausa,RJ_Karauli
RJ_Karauli,RJ_Dholpur
RJ_Karauli,RJ_Sawai Madhopur
RJ_Sawai Madhopur,RJ_Bundi
RJ_Bundi,RJ_Chittorgarh
RJ_Chittorgarh,RJ_Kota
RJ_Kota,RJ_Baran
RJ_Chittorgarh,RJ_Pratapgarh2
RJ_Pratapgarh2,RJ_Banswara
RJ_Banswara,RJ_Barmer
RJ_Barmer,RJ_Dungarpur
RJ_Dungarpur,RJ_Jalore
RJ_Jalore,RJ_Pali
RJ_Pali,RJ_Jodhpur
RJ_Jodhpur,RJ_Bikaner
RJ_Bikaner,RJ_Churu
RJ_Churu,RJ_Jhunjhunu
RJ_Jhunjhunu,RJ_Sikar
RJ_Sikar,RJ_Nagaur
RJ_Churu,RJ_Nagaur
RJ_Churu,RJ_Sikar
RJ_Bikaner,RJ_Jaisalmer
RJ_Bikaner,RJ_Nagaur
RJ_Jodhpur,RJ_Jaisalmer
RJ_Jodhpur,RJ_Nagaur
RJ_Pali,RJ_Nagaur
RJ_Pali,RJ_Rajsamand
RJ_Rajsamand,RJ_Udaipur
RJ_Udaipur,RJ_Sirohi
RJ_Pali,RJ_Sirohi
RJ_Pali,RJ_Udaipur
RJ_Jalore,RJ_Sirohi
RJ_Jalore,RJ_Udaipur
RJ_Dungarpur,RJ_Sirohi
RJ_Dungarpur,RJ_Udaipur
RJ_Barmer,RJ_Jaisalmer
RJ_Barmer,RJ_Jalore
RJ_Barmer,RJ_Jodhpur
RJ_Barmer,RJ_Pali
RJ_Barmer,RJ_Sirohi
RJ_Barmer,RJ_Udaipur
RJ_Banswara,RJ_Dungarpur
RJ_Banswara,RJ_Jalore
RJ_Banswara,RJ_Sirohi
RJ_Banswara,RJ_Udaipur
RJ_Pratapgarh2,RJ_Dungarpur
RJ_Pratapgarh2,RJ_Udaipur
RJ_Chittorgarh,RJ_Rajsamand
RJ_Chittorgarh,RJ_Udaipur
RJ_Bundi,RJ_Kota
RJ_Bundi,RJ_Tonk
RJ_Sawai Madhopur,RJ_Kota
RJ_Sawai Madhopur,RJ_Tonk
RJ_Dausa,RJ_Sawai Madhopur
RJ_Dausa,RJ_Tonk
RJ_Bharatpur,RJ_Dausa
RJ_Bharatpur,RJ_Dholpur
RJ_Bharatpur,RJ_Karauli
RJ_Bharatpur,UP_Mathura
UP_Mathura,UP_Hathras
UP_Hathras,UP_Kasganj
UP_Agra,RJ_Dholpur
UP_Agra,UP_Etawah
UP_Etawah,UP_Auraiya
UP_Auraiya,UP_Kannauj
UP_Kannauj,UP_Hardoi
UP_Hardoi,UP_Kanpur Nagar
UP_Kanpur Nagar,UP_Kanpur Dehat
UP_Kanpur Nagar,UP_Unnao
UP_Unnao,UP_Lucknow
UP_Lucknow,UP_Rae Bareli
UP_Rae Bareli,UP_Kaushambi
UP_Kaushambi,UP_Pratapgarh1
UP_Pratapgarh1,UP_Jaunpur
UP_Jaunpur,UP_Prayagraj
UP_Prayagraj,UP_Varanasi
UP_Jaunpur,UP_Varanasi
UP_Pratapgarh1,UP_Prayagraj
UP_Kaushambi,UP_Prayagraj
UP_Rae Bareli,UP_Pratapgarh1
UP_Lucknow,UP_Sitapur
UP_Unnao,UP_Rae Bareli
UP_Hardoi,UP_Lucknow
UP_Hardoi,UP_Sitapur
UP_Hardoi,UP_Unnao
UP_Kannauj,UP_Kanpur Dehat
UP_Kannauj,UP_Kanpur Nagar
UP_Kannauj,UP_Mainpuri
UP_Mainpuri,UP_Firozabad
UP_Auraiya,UP_Kanpur Dehat
UP_Etawah,UP_Firozabad
UP_Etawah,UP_Kannauj
UP_Etawah,UP_Mainpuri
UP_Agra,UP_Firozabad
UP_Agra,UP_Hathras
UP_Agra,UP_Mathura
UP_Etah,UP_Firozabad
UP_Etah,UP_Hathras
UP_Etah,UP_Kasganj
UP_Etah,UP_Mainpuri
UP_Farrukhabad,UP_Hardoi
UP_Farrukhabad,UP_Kannauj
UP_Farrukhabad,UP_Kasganj
UP_Farrukhabad,UP_Mainpuri
UP_Shahjahanpur,UP_Hardoi
UP_Pilibhit,UT_Udham Singh Nagar
UT_Udham Singh Nagar,UP_Bijnor
UP_Bijnor,UP_Bulandshahr
UP_Bulandshahr,UP_Gautam Buddha Nagar
UP_Gautam Buddha Nagar,HR_Sonipat
HR_Sonipat,HR_Panipat
HR_Panipat,UP_Baghpat
UP_Baghpat,UP_Ghaziabad
UP_Ghaziabad,UP_Hapur
UP_Hapur,UP_Meerut
UP_Meerut,UP_Moradabad
UP_Moradabad,UP_Rampur
UP_Moradabad,UP_Sambhal
UP_Meerut,UP_Muzaffarnagar
UP_Muzaffarnagar,UP_Saharanpur
UP_Saharanpur,HR_Yamunanagar
UP_Saharanpur,UP_Shamli
UP_Saharanpur,UT_Dehradun
UT_Dehradun,UT_Haridwar
UT_Haridwar,UT_Pauri Garhwal
UT_Pauri Garhwal,UT_Almora
UT_Almora,UT_Bageshwar
UT_Bageshwar,UT_Chamoli
UT_Chamoli,UT_Pithoragarh
UT_Pithoragarh,UT_Champawat
UT_Champawat,UT_Nainital
UT_Chamoli,UT_Rudraprayag
UT_Rudraprayag,UT_Tehri Garhwal
UT_Tehri Garhwal,UT_Uttarkashi
UT_Rudraprayag,UT_Uttarkashi
UT_Chamoli,UT_Uttarkashi
UT_Bageshwar,UT_Pithoragarh
UT_Almora,UT_Chamoli
UT_Almora,UT_Champawat
UT_Almora,UT_Nainital
UT_Almora,UT_Pithoragarh
UT_Pauri Garhwal,UT_Chamoli
UT_Pauri Garhwal,UT_Nainital
UT_Pauri Garhwal,UT_Rudraprayag
UT_Pauri Garhwal,UT_Tehri Garhwal
UT_Dehradun,UT_Pauri Garhwal
UT_Dehradun,UT_Tehri Garhwal
UT_Dehradun,UT_Uttarkashi
UP_Saharanpur,UT_Haridwar
UP_Muzaffarnagar,UP_Shamli
UP_Muzaffarnagar,UT_Haridwar
UP_Meerut,UP_Sambhal
UP_Hapur,UP_Moradabad
UP_Hapur,UP_Sambhal
UP_Ghaziabad,UP_Meerut
UP_Baghpat,UP_Meerut
UP_Baghpat,UP_Muzaffarnagar
UP_Baghpat,UP_Shamli
HR_Panipat,UP_Shamli
HR_Sonipat,UP_Baghpat
HR_Sonipat,UP_Ghaziabad
UP_Gautam Buddha Nagar,UP_Baghpat
UP_Gautam Buddha Nagar,UP_Ghaziabad
UP_Gautam Buddha Nagar,UP_Hapur
UP_Bulandshahr,UP_Hapur
UP_Bulandshahr,UP_Meerut
UP_Bulandshahr,UP_Moradabad
UP_Bulandshahr,UP_Sambhal
UP_Bijnor,UP_Hapur
UP_Bijnor,UP_Meerut
UP_Bijnor,UP_Moradabad
UP_Bijnor,UP_Muzaffarnagar
UP_Bijnor,UP_Sambhal
UP_Bijnor,UT_Haridwar
UP_Bijnor,UT_Nainital
UP_Bijnor,UT_Pauri Garhwal
UT_Udham Singh Nagar,UP_Moradabad
UT_Udham Singh Nagar,UP_Rampur
UT_Udham Singh Nagar,UT_Champawat
UT_Udham Singh Nagar,UT_Nainital
UP_Bareilly,UP_Rampur
UP_Bareilly,UP_Shahjahanpur
UP_Bareilly,UT_Udham Singh Nagar
UP_Budaun,UP_Farrukhabad
UP_Budaun,UP_Kasganj
UP_Budaun,UP_Moradabad
UP_Budaun,UP_Rampur
UP_Budaun,UP_Sambhal
UP_Budaun,UP_Shahjahanpur
UP_Aligarh,UP_Bulandshahr
UP_Aligarh,UP_Gautam Buddha Nagar
UP_Aligarh,UP_Hathras
UP_Aligarh,UP_Kasganj
UP_Aligarh,UP_Mathura
UP_Aligarh,UP_Sambhal
HR_Palwal,UP_Gautam Buddha Nagar
HR_Palwal,UP_Mathura
HR_Nuh,HR_Rewari
HR_Nuh,RJ_Alwar
HR_Nuh,RJ_Bharatpur
HR_Nuh,UP_Mathura
HR_Gurugram,HR_Palwal
HR_Gurugram,HR_Rewari
HR_Gurugram,HR_Sonipat
HR_Gurugram,UP_Baghpat
HR_Gurugram,UP_Gautam Buddha Nagar
HR_Gurugram,UP_Ghaziabad
HR_Faridabad,HR_Palwal
HR_Faridabad,HR_Sonipat
HR_Faridabad,UP_Baghpat
HR_Faridabad,UP_Gautam Buddha Nagar
HR_Faridabad,UP_Ghaziabad
DL_New Delhi,HR_Gurugram
DL_New Delhi,HR_Sonipat
DL_New Delhi,UP_Baghpat
DL_New Delhi,UP_Gautam Buddha Nagar
DL_New Delhi,UP_Ghaziabad
HR_Jhajjar,HR_Faridabad
HR_Jhajjar,HR_Gurugram
HR_Jhajjar,HR_Rewari
HR_Jhajjar,HR_Sonipat
HR_Jhajjar,UP_Baghpat
HR_Jhajjar,UP_Gautam Buddha Nagar
HR_Jhajjar,UP_Ghaziabad
HR_Rohtak,HR_Sonipat
HR_Rohtak,RJ_Churu
HR_Rohtak,RJ_Jhunjhunu
RJ_Hanumangarh,RJ_Bikaner
RJ_Hanumangarh,RJ_Churu
RJ_Hanumangarh,RJ_Jhunjhunu
PB_Fazilka,RJ_Bikaner
PB_Fazilka,RJ_Hanumangarh
PB_Faridkot,PB_Ferozepur
PB_Faridkot,PB_Moga
PB_Faridkot,RJ_Hanumangarh
HR_Sirsa,PB_Fazilka
HR_Sirsa,PB_Ferozepur
HR_Sirsa,PB_Mansa
HR_Sirsa,RJ_Hanumangarh
PB_Bathinda,PB_Faridkot
PB_Bathinda,PB_Fazilka
PB_Bathinda,PB_Ferozepur
PB_Bathinda,PB_Mansa
PB_Bathinda,PB_Moga
PB_Bathinda,RJ_Hanumangarh
PB_Barnala,PB_Mansa
PB_Barnala,PB_Moga
PB_Barnala,PB_Sangrur
PB_Ludhiana,PB_Jalandhar
PB_Ludhiana,PB_Moga
PB_Ludhiana,PB_Rupnagar
PB_Ludhiana,PB_Sangrur
PB_Ludhiana,PB_Shahid Bhagat Singh Nagar
PB_Fatehgarh Sahib,PB_Patiala
PB_Fatehgarh Sahib,PB_Rupnagar
PB_Fatehgarh Sahib,PB_Sangrur
HR_Panchkula,PB_Patiala
HR_Panchkula,PB_Rupnagar
HP_Sirmaur,HR_Yamunanagar
HP_Sirmaur,UP_Saharanpur
HP_Sirmaur,UT_Dehradun
HP_Shimla,UT_Dehradun
HP_Shimla,UT_Uttarkashi
HP_Kinnaur,HP_Shimla
HP_Kinnaur,UT_Uttarkashi
HP_Lahaul and Spiti,HP_Kullu
HP_Lahaul and Spiti,JK_Anantnag
HP_Lahaul and Spiti,JK_Bandipora
HP_Lahaul and Spiti,JK_Ganderbal
HP_Lahaul and Spiti,JK_Kishtwar
HP_Chamba,JK_Doda
HP_Chamba,JK_Kathua
HP_Chamba,JK_Kishtwar
HP_Chamba,PB_Pathankot
HP_Kangra,HP_Kullu
HP_Kangra,HP_Lahaul and Spiti
HP_Kangra,HP_Una
HP_Kangra,PB_Gurdaspur
HP_Kangra,PB_Hoshiarpur
HP_Kangra,PB_Pathankot
HP_Mandi,HP_Kullu
HP_Mandi,HP_Shimla
HP_Solan,HP_Shimla
HP_Solan,HP_Sirmaur
HP_Solan,HR_Panchkula
HP_Solan,PB_Fatehgarh Sahib
HP_Solan,PB_Patiala
HP_Solan,PB_Rupnagar
CH_Chandigarh,HR_Panchkula
CH_Chandigarh,PB_Fatehgarh Sahib
CH_Chandigarh,PB_Patiala
CH_Chandigarh,PB_Rupnagar
HR_Ambala,HP_Sirmaur
HR_Ambala,HP_Solan
HR_Ambala,HR_Panchkula
HR_Ambala,HR_Yamunanagar
HR_Ambala,PB_Fatehgarh Sahib
HR_Ambala,PB_Patiala
HR_Ambala,PB_Rupnagar
HR_Kurukshetra,HR_Yamunanagar
HR_Kurukshetra,PB_Patiala
HR_Karnal,HR_Panipat
HR_Karnal,HR_Yamunanagar
HR_Karnal,UP_Saharanpur
HR_Karnal,UP_Shamli
HR_Kaithal,HR_Kurukshetra
HR_Kaithal,PB_Patiala
HR_Jind,HR_Karnal
HR_Jind,HR_Panipat
HR_Jind,HR_Rohtak
HR_Jind,HR_Sonipat
HR_Jind,PB_Patiala
HR_Jind,PB_Sangrur
HR_Fatehabad,HR_Sirsa
HR_Fatehabad,PB_Mansa
HR_Fatehabad,PB_Sangrur
HR_Fatehabad,RJ_Hanumangarh
HR_Hisar,HR_Jind
HR_Hisar,HR_Rohtak
HR_Hisar,RJ_Churu
HR_Hisar,RJ_Hanumangarh
HR_Hisar,RJ_Jhunjhunu
HR_Charkhi Dadri,HR_Jhajjar
HR_Charkhi Dadri,HR_Rohtak
HR_Charkhi Dadri,RJ_Churu
HR_Charkhi Dadri,RJ_Hanumangarh
HR_Charkhi Dadri,RJ_Jhunjhunu
HR_Mahendragarh,HR_Hisar
HR_Mahendragarh,HR_Jhajjar
HR_Mahendragarh,HR_Rewari
HR_Mahendragarh,HR_Rohtak
HR_Mahendragarh,RJ_Alwar
HR_Mahendragarh,RJ_Churu
HR_Mahendragarh,RJ_Hanumangarh
HR_Mahendragarh,RJ_Jhunjhunu
HR_Mahendragarh,RJ_Sikar
RJ_Jaipur,RJ_Alwar
RJ_Jaipur,RJ_Dausa
RJ_Jaipur,RJ_Nagaur
RJ_Jaipur,RJ_Sikar
RJ_Jaipur,RJ_Tonk
RJ_Ajmer,RJ_Nagaur
RJ_Ajmer,RJ_Pali
RJ_Ajmer,RJ_Rajsamand
RJ_Ajmer,RJ_Tonk
RJ_Bhilwara,RJ_Bundi
RJ_Bhilwara,RJ_Chittorgarh
RJ_Bhilwara,RJ_Rajsamand
RJ_Bhilwara,RJ_Tonk
MP_Neemuch,RJ_Chittorgarh
MP_Neemuch,RJ_Pratapgarh2
MP_Mandsaur,RJ_Chittorgarh
MP_Mandsaur,RJ_Kota
MP_Mandsaur,RJ_Pratapgarh2
RJ_Jhalawar,RJ_Baran
RJ_Jhalawar,RJ_Kota
MP_Agar Malwa,MP_Shajapur
MP_Agar Malwa,MP_Ujjain
MP_Agar Malwa,RJ_Jhalawar
MP_Ratlam,MP_Mandsaur
MP_Ratlam,MP_Ujjain
MP_Ratlam,RJ_Banswara
MP_Ratlam,RJ_Jhalawar
MP_Ratlam,RJ_Pratapgarh2
MP_Jhabua,RJ_Banswara
MP_Jhabua,RJ_Barmer
MP_Jhabua,RJ_Dungarpur
MP_Jhabua,RJ_Jalore
MP_Jhabua,RJ_Sirohi
MP_Jhabua,RJ_Udaipur
MH_Nandurbar,RJ_Banswara
MH_Nandurbar,RJ_Barmer
MH_Nandurbar,RJ_Dungarpur
MH_Nandurbar,RJ_Jalore
MH_Nandurbar,RJ_Sirohi
MH_Nandurbar,RJ_Udaipur
MH_Dhule,MP_Barwani
MH_Dhule,MP_Jhabua
MH_Dhule,RJ_Banswara
MH_Dhule,RJ_Barmer
MH_Dhule,RJ_Dungarpur
MH_Dhule,RJ_Jalore
MH_Dhule,RJ_Sirohi
MH_Dhule,RJ_Udaipur
MH_Nashik,MH_Nandurbar
MH_Nashik,MH_Thane
MH_Thane,MH_Mumbai Suburban
MH_Thane,MH_Raigad
MH_Raigad,MH_Ratnagiri
MH_Ratnagiri,MH_Nanded
MH_Nanded,MH_Hingoli
MH_Hingoli,MH_Washim
MH_Washim,MH_Yavatmal
MH_Yavatmal,MH_Wardha
MH_Yavatmal,TG_Adilabad
TG_Adilabad,TG_Komaram Bheem
TG_Komaram Bheem,TG_Jagtial
TG_Jagtial,TG_Jayashankar Bhupalapally
TG_Jayashankar Bhupalapally,TG_Karimnagar
TG_Karimnagar,TG_Peddapalli
TG_Peddapalli,TG_Nirmal
TG_Nirmal,TG_Nizamabad
TG_Nizamabad,TG_Rajanna Sircilla
TG_Karimnagar,TG_Rajanna Sircilla
TG_Karimnagar,TG_Warangal Urban
TG_Warangal Urban,TG_Warangal Rural
TG_Warangal Rural,TG_Mulugu
TG_Jayashankar Bhupalapally,TG_Mulugu
TG_Jayashankar Bhupalapally,TG_Nirmal
TG_Jayashankar Bhupalapally,TG_Peddapalli
TG_Jayashankar Bhupalapally,TG_Warangal Rural
TG_Jayashankar Bhupalapally,TG_Warangal Urban
TG_Jagtial,TG_Karimnagar
TG_Jagtial,TG_Nirmal
TG_Jagtial,TG_Nizamabad
TG_Jagtial,TG_Peddapalli
TG_Jagtial,TG_Rajanna Sircilla
TG_Komaram Bheem,TG_Jayashankar Bhupalapally
TG_Komaram Bheem,TG_Nirmal
TG_Komaram Bheem,TG_Peddapalli
TG_Adilabad,TG_Nirmal
MH_Hingoli,MH_Yavatmal
MH_Nanded,MH_Osmanabad
MH_Osmanabad,MH_Jalna
MH_Osmanabad,MH_Satara
MH_Satara,MH_Sindhudurg
MH_Sindhudurg,MH_Solapur
MH_Solapur,PY_Karaikal
PY_Karaikal,TG_Jogulamba Gadwal
TG_Jogulamba Gadwal,TG_Narayanpet
TG_Narayanpet,TG_Mahabubnagar
TG_Mahabubnagar,TG_Nagarkurnool
TG_Nagarkurnool,TG_Nalgonda
TG_Nalgonda,TG_Ranga Reddy
TG_Ranga Reddy,TG_Hyderabad
TG_Hyderabad,TG_Medchal Malkajgiri
TG_Medchal Malkajgiri,TG_Medak
TG_Medak,TG_Sangareddy
TG_Sangareddy,TG_Vikarabad
TG_Vikarabad,TN_Kallakurichi
TN_Kallakurichi,TN_Krishnagiri
TN_Krishnagiri,TN_Tiruppur
TN_Kallakurichi,TN_Tiruppur
TG_Vikarabad,TN_Krishnagiri
TG_Vikarabad,TN_Tiruppur
TG_Sangareddy,TN_Kallakurichi
TG_Sangareddy,TN_Krishnagiri
TG_Sangareddy,TN_Tiruppur
TG_Medchal Malkajgiri,TG_Sangareddy
TG_Medchal Malkajgiri,TG_Yadadri Bhuvanagiri
TG_Yadadri Bhuvanagiri,TG_Suryapet
TG_Ranga Reddy,TG_Medchal Malkajgiri
TG_Ranga Reddy,TG_Sangareddy
TG_Ranga Reddy,TG_Vikarabad
TG_Ranga Reddy,TG_Yadadri Bhuvanagiri
TG_Nalgonda,TG_Suryapet
TG_Nalgonda,TG_Yadadri Bhuvanagiri
TG_Nagarkurnool,TG_Ranga Reddy
TG_Nagarkurnool,TG_Wanaparthy
TG_Mahabubnagar,TG_Ranga Reddy
TG_Mahabubnagar,TG_Vikarabad
TG_Mahabubnagar,TG_Wanaparthy
TG_Narayanpet,TG_Sangareddy
TG_Narayanpet,TG_Vikarabad
TG_Narayanpet,TG_Wanaparthy
TG_Narayanpet,TN_Kallakurichi
TG_Narayanpet,TN_Krishnagiri
TG_Narayanpet,TN_Tiruppur
TG_Jogulamba Gadwal,TG_Sangareddy
TG_Jogulamba Gadwal,TG_Vikarabad
TG_Jogulamba Gadwal,TG_Wanaparthy
TG_Jogulamba Gadwal,TN_Kallakurichi
TG_Jogulamba Gadwal,TN_Krishnagiri
TG_Jogulamba Gadwal,TN_Tiruppur
PY_Karaikal,TG_Narayanpet
PY_Karaikal,TG_Sangareddy
PY_Karaikal,TG_Vikarabad
PY_Karaikal,TN_Kallakurichi
PY_Karaikal,TN_Krishnagiri
PY_Karaikal,TN_Tiruppur
MH_Solapur,TG_Jogulamba Gadwal
MH_Solapur,TG_Narayanpet
MH_Solapur,TG_Sangareddy
MH_Solapur,TG_Vikarabad
MH_Solapur,TN_Kallakurichi
MH_Solapur,TN_Krishnagiri
MH_Solapur,TN_Tiruppur
MH_Sindhudurg,PY_Karaikal
MH_Sindhudurg,TG_Jogulamba Gadwal
MH_Sindhudurg,TG_Narayanpet
MH_Sindhudurg,TG_Sangareddy
MH_Sindhudurg,TG_Vikarabad
MH_Sindhudurg,TN_Kallakurichi
MH_Sindhudurg,TN_Krishnagiri
MH_Sindhudurg,TN_Tiruppur
MH_Satara,MH_Solapur
MH_Satara,PY_Karaikal
MH_Satara,TG_Jogulamba Gadwal
MH_Satara,TG_Narayanpet
MH_Satara,TG_Sangareddy
MH_Satara,TG_Vikarabad
MH_Satara,TN_Kallakurichi
MH_Satara,TN_Krishnagiri
MH_Satara,TN_Tiruppur
MH_Osmanabad,MH_Sindhudurg
MH_Osmanabad,MH_Solapur
MH_Osmanabad,PY_Karaikal
MH_Osmanabad,TG_Jogulamba Gadwal
MH_Osmanabad,TG_Narayanpet
MH_Osmanabad,TG_Sangareddy
MH_Osmanabad,TG_Vikarabad
MH_Osmanabad,TN_Kallakurichi
MH_Osmanabad,TN_Krishnagiri
MH_Osmanabad,TN_Tiruppur
MH_Nanded,MH_Satara
MH_Nanded,MH_Sindhudurg
MH_Nanded,MH_Solapur
MH_Nanded,MH_Yavatmal
MH_Nanded,PY_Karaikal
MH_Nanded,TG_Adilabad
MH_Nanded,TG_Jogulamba Gadwal
MH_Nanded,TG_Narayanpet
MH_Nanded,TG_Nirmal
MH_Nanded,TG_Nizamabad
MH_Nanded,TG_Sangareddy
MH_Nanded,TG_Vikarabad
MH_Nanded,TN_Kallakurichi
MH_Nanded,TN_Krishnagiri
MH_Nanded,TN_Tiruppur
MH_Ratnagiri,MH_Osmanabad
MH_Ratnagiri,MH_Satara
MH_Ratnagiri,MH_Sindhudurg
MH_Ratnagiri,MH_Solapur
MH_Ratnagiri,PY_Karaikal
MH_Ratnagiri,TG_Jogulamba Gadwal
MH_Ratnagiri,TG_Narayanpet
MH_Ratnagiri,TG_Sangareddy
MH_Ratnagiri,TG_Vikarabad
MH_Ratnagiri,TN_Kallakurichi
MH_Ratnagiri,TN_Krishnagiri
MH_Ratnagiri,TN_Tiruppur
MH_Raigad,MH_Satara
MH_Raigad,MH_Solapur
MH_Thane,MH_Satara
MH_Thane,MH_Solapur
MH_Nashik,MP_Jhabua
MH_Nashik,RJ_Banswara
MH_Nashik,RJ_Barmer
MH_Nashik,RJ_Dungarpur
MH_Nashik,RJ_Jalore
MH_Nashik,RJ_Sirohi
MH_Nashik,RJ_Udaipur
MH_Palghar,MH_Thane
GJ_Valsad,DN_Daman
GJ_Valsad,MH_Dhule
GJ_Valsad,MH_Nandurbar
GJ_Valsad,MH_Nashik
GJ_Valsad,MH_Palghar
GJ_Valsad,MP_Jhabua
GJ_Valsad,RJ_Banswara
GJ_Valsad,RJ_Barmer
GJ_Valsad,RJ_Dungarpur
GJ_Valsad,RJ_Jalore
GJ_Valsad,RJ_Sirohi
GJ_Valsad,RJ_Udaipur
GJ_Surat,MH_Dhule
GJ_Surat,MH_Nandurbar
GJ_Surat,MH_Nashik
GJ_Surat,MP_Jhabua
GJ_Surat,RJ_Banswara
GJ_Surat,RJ_Barmer
GJ_Surat,RJ_Dungarpur
GJ_Surat,RJ_Jalore
GJ_Surat,RJ_Sirohi
GJ_Surat,RJ_Udaipur
GJ_Rajkot,GJ_Valsad
GJ_Rajkot,MH_Dhule
GJ_Rajkot,MH_Nandurbar
GJ_Rajkot,MH_Nashik
GJ_Rajkot,MP_Jhabua
GJ_Rajkot,RJ_Banswara
GJ_Rajkot,RJ_Barmer
GJ_Rajkot,RJ_Dungarpur
GJ_Rajkot,RJ_Jalore
GJ_Rajkot,RJ_Sirohi
GJ_Rajkot,RJ_Udaipur
GJ_Patan,GJ_Surat
GJ_Patan,GJ_Valsad
GJ_Patan,MH_Dhule
GJ_Patan,MH_Nandurbar
GJ_Patan,MH_Nashik
GJ_Patan,MP_Jhabua
GJ_Patan,RJ_Banswara
GJ_Patan,RJ_Barmer
GJ_Patan,RJ_Dungarpur
GJ_Patan,RJ_Jalore
GJ_Patan,RJ_Sirohi
GJ_Patan,RJ_Udaipur
DN_Diu,GJ_Rajkot
DN_Diu,GJ_Surat
DN_Diu,GJ_Valsad
DN_Diu,MH_Dhule
DN_Diu,MH_Nandurbar
DN_Diu,MH_Nashik
DN_Diu,MP_Jhabua
DN_Diu,RJ_Banswara
DN_Diu,RJ_Barmer
DN_Diu,RJ_Dungarpur
DN_Diu,RJ_Jalore
DN_Diu,RJ_Sirohi
DN_Diu,RJ_Udaipur
MP_Alirajpur,GJ_Patan
MP_Alirajpur,GJ_Rajkot
MP_Alirajpur,GJ_Surat
MP_Alirajpur,GJ_Valsad
MP_Alirajpur,MH_Dhule
MP_Alirajpur,MH_Nandurbar
MP_Alirajpur,MH_Nashik
MP_Alirajpur,MP_Barwani
MP_Alirajpur,MP_Jhabua
MP_Alirajpur,RJ_Banswara
MP_Alirajpur,RJ_Barmer
MP_Alirajpur,RJ_Dungarpur
MP_Alirajpur,RJ_Jalore
MP_Alirajpur,RJ_Sirohi
MP_Alirajpur,RJ_Udaipur
MP_Dhar,MP_Barwani
MP_Dhar,MP_Jhabua
MP_Dhar,MP_Khargone
MP_Dhar,MP_Ratlam
MP_Dhar,MP_Ujjain
MP_Indore,MP_Khargone
MP_Indore,MP_Ujjain
MP_Dewas,MP_Khandwa
MP_Dewas,MP_Khargone
MP_Dewas,MP_Sehore
MP_Dewas,MP_Shajapur
MP_Dewas,MP_Ujjain
MP_Harda,MP_Hoshangabad
MP_Harda,MP_Khandwa
MP_Harda,MP_Sehore
MP_Betul,MP_Hoshangabad
MP_Betul,MP_Khandwa
MP_Chhindwara,MP_Hoshangabad
MP_Chhindwara,MP_Jabalpur
MP_Chhindwara,MP_Sagar
MP_Chhindwara,MP_Seoni
MP_Raisen,MP_Hoshangabad
MP_Raisen,MP_Jabalpur
MP_Raisen,MP_Sagar
MP_Raisen,MP_Sehore
MP_Raisen,MP_Seoni
MP_Raisen,MP_Vidisha
MP_Bhopal,MP_Rajgarh
MP_Bhopal,MP_Sehore
MP_Bhopal,MP_Vidisha
MP_Guna,MP_Rajgarh
MP_Guna,MP_Vidisha
MP_Guna,RJ_Baran
MP_Guna,RJ_Jhalawar
MP_Ashoknagar,MP_Sagar
MP_Ashoknagar,MP_Vidisha
MP_Ashoknagar,UP_Lalitpur
MP_Shivpuri,MP_Guna
MP_Shivpuri,RJ_Baran
MP_Shivpuri,UP_Jhansi
MP_Shivpuri,UP_Lalitpur
MP_Sheopur,RJ_Baran
MP_Sheopur,RJ_Karauli
MP_Sheopur,RJ_Kota
MP_Sheopur,RJ_Sawai Madhopur
MP_Morena,MP_Shivpuri
MP_Morena,RJ_Dholpur
MP_Morena,RJ_Karauli
MP_Morena,UP_Agra
MP_Gwalior,MP_Shivpuri
MP_Datia,MP_Shivpuri
MP_Datia,UP_Jhansi
MP_Datia,UP_Lalitpur
MP_Bhind,MP_Gwalior
MP_Bhind,MP_Morena
MP_Bhind,UP_Agra
MP_Bhind,UP_Etawah
MP_Bhind,UP_Jhansi
UP_Jalaun,UP_Auraiya
UP_Jalaun,UP_Etawah
UP_Jalaun,UP_Jhansi
UP_Jalaun,UP_Kanpur Dehat
UP_Hamirpur,UP_Jhansi
UP_Hamirpur,UP_Kanpur Dehat
UP_Hamirpur,UP_Kanpur Nagar
UP_Hamirpur,UP_Mahoba
UP_Fatehpur,UP_Kanpur Nagar
UP_Fatehpur,UP_Kaushambi
UP_Fatehpur,UP_Pratapgarh1
UP_Fatehpur,UP_Rae Bareli
UP_Fatehpur,UP_Unnao
UP_Chitrakoot,UP_Kaushambi
UP_Chitrakoot,UP_Prayagraj
UP_Banda,UP_Fatehpur
UP_Banda,UP_Hamirpur
UP_Banda,UP_Mahoba
MP_Chhatarpur,MP_Sagar
MP_Chhatarpur,MP_Tikamgarh
MP_Chhatarpur,UP_Banda
MP_Chhatarpur,UP_Jhansi
MP_Chhatarpur,UP_Lalitpur
MP_Chhatarpur,UP_Mahoba
MP_Damoh,MP_Chhindwara
MP_Damoh,MP_Hoshangabad
MP_Damoh,MP_Jabalpur
MP_Damoh,MP_Panna
MP_Damoh,MP_Raisen
MP_Damoh,MP_Sagar
MP_Damoh,MP_Seoni
MP_Katni,MP_Jabalpur
MP_Katni,MP_Panna
MP_Katni,MP_Umaria
MP_Satna,MP_Panna
MP_Satna,MP_Shahdol
MP_Satna,MP_Sidhi
MP_Satna,MP_Umaria
MP_Satna,UP_Banda
MP_Satna,UP_Chitrakoot
MP_Rewa,MP_Sidhi
MP_Rewa,MP_Singrauli
MP_Rewa,UP_Chitrakoot
MP_Rewa,UP_Prayagraj
UP_Mirzapur,MP_Singrauli
UP_Mirzapur,UP_Jaunpur
UP_Mirzapur,UP_Prayagraj
UP_Mirzapur,UP_Sonbhadra
UP_Mirzapur,UP_Varanasi
UP_Chandauli,UP_Sonbhadra
UP_Chandauli,UP_Varanasi
UP_Ghazipur,UP_Jaunpur
UP_Ghazipur,UP_Mau
UP_Ghazipur,UP_Sonbhadra
UP_Ghazipur,UP_Varanasi
UP_Azamgarh,UP_Jaunpur
UP_Azamgarh,UP_Mau
UP_Sultanpur,UP_Jaunpur
UP_Sultanpur,UP_Pratapgarh1
UP_Siddharthnagar,UP_Maharajganj
UP_Siddharthnagar,UP_Sant Kabir Nagar
UP_Gonda,UP_Basti
UP_Gonda,UP_Shrawasti
UP_Gonda,UP_Siddharthnagar
UP_Gonda,UP_Sultanpur
UP_Bahraich,UP_Shrawasti
UP_Bahraich,UP_Sitapur
UP_Barabanki,UP_Basti
UP_Barabanki,UP_Gonda
UP_Barabanki,UP_Lucknow
UP_Barabanki,UP_Rae Bareli
UP_Barabanki,UP_Sitapur
UP_Barabanki,UP_Sultanpur
UP_Amethi,UP_Basti
UP_Amethi,UP_Gonda
UP_Amethi,UP_Pratapgarh1
UP_Amethi,UP_Rae Bareli
UP_Amethi,UP_Sultanpur
UP_Ambedkar Nagar,UP_Azamgarh
UP_Ambedkar Nagar,UP_Barabanki
UP_Ambedkar Nagar,UP_Basti
UP_Ambedkar Nagar,UP_Gonda
UP_Ambedkar Nagar,UP_Sant Kabir Nagar
UP_Ambedkar Nagar,UP_Sultanpur
UP_Gorakhpur,UP_Azamgarh
UP_Gorakhpur,UP_Maharajganj
UP_Gorakhpur,UP_Mau
UP_Gorakhpur,UP_Sant Kabir Nagar
UP_Gorakhpur,UP_Siddharthnagar
UP_Deoria,UP_Mau
UP_Kushinagar,UP_Gorakhpur
UP_Kushinagar,UP_Maharajganj
BR_Sheohar,UP_Maharajganj
BR_Sitamarhi,UP_Kushinagar
BR_Sitamarhi,UP_Maharajganj
BR_Madhubani,BR_Supaul
BR_Darbhanga,BR_Saharsa
BR_Darbhanga,BR_Samastipur
BR_Darbhanga,BR_Sitamarhi
BR_Muzaffarpur,BR_Samastipur
BR_Muzaffarpur,BR_Sheohar
BR_Muzaffarpur,BR_Sitamarhi
BR_Muzaffarpur,BR_Vaishali
BR_Muzaffarpur,UP_Kushinagar
BR_Muzaffarpur,UP_Maharajganj
BR_Gopalganj,BR_Sheohar
BR_Gopalganj,BR_Sitamarhi
BR_Gopalganj,BR_Siwan
BR_Gopalganj,UP_Deoria
BR_Gopalganj,UP_Kushinagar
BR_Gopalganj,UP_Maharajganj
BR_Saran,BR_Muzaffarpur
BR_Saran,BR_Patna
BR_Saran,BR_Siwan
BR_Saran,BR_Vaishali
UP_Ballia,BR_Siwan
UP_Ballia,UP_Deoria
UP_Ballia,UP_Ghazipur
UP_Ballia,UP_Mau
BR_Buxar,UP_Chandauli
BR_Buxar,UP_Ghazipur
BR_Buxar,UP_Sonbhadra
BR_Bhojpur,BR_Patna
BR_Bhojpur,BR_Saran
BR_Bhojpur,UP_Ballia
BR_Rohtas,BR_Buxar
BR_Rohtas,JH_Garhwa
BR_Rohtas,JH_Palamu
BR_Rohtas,UP_Chandauli
BR_Rohtas,UP_Ghazipur
BR_Rohtas,UP_Sonbhadra
BR_Aurangabad1,JH_Palamu
BR_Arwal,BR_Bhojpur
BR_Arwal,BR_Jehanabad
BR_Arwal,BR_Patna
BR_Arwal,BR_Rohtas
BR_Gaya,BR_Aurangabad1
BR_Gaya,BR_Jehanabad
BR_Gaya,BR_Nalanda
BR_Gaya,BR_Nawada
BR_Gaya,JH_Hazaribagh
BR_Gaya,JH_Koderma
BR_Gaya,JH_Palamu
JH_Chatra,JH_Hazaribagh
JH_Chatra,JH_Palamu
JH_Chatra,JH_Ranchi
JH_Latehar,JH_Garhwa
JH_Latehar,JH_Lohardaga
JH_Latehar,JH_Palamu
JH_Latehar,JH_Ranchi
JH_Gumla,JH_Lohardaga
JH_Gumla,JH_Ranchi
JH_Gumla,JH_Simdega
JH_Khunti,JH_Ranchi
JH_Khunti,JH_Simdega
JH_Khunti,OR_Mayurbhanj
JH_Khunti,OR_Sundargarh
JH_Khunti,WB_Jhargram
JH_Khunti,WB_Purulia
OR_Kendujhar,JH_Ranchi
OR_Kendujhar,JH_Simdega
OR_Kendujhar,OR_Mayurbhanj
OR_Kendujhar,OR_Sundargarh
OR_Kendujhar,WB_Jhargram
OR_Kendujhar,WB_Paschim Medinipur
OR_Kendujhar,WB_Purba Medinipur
OR_Kendujhar,WB_Purulia
OR_Bhadrak,OR_Mayurbhanj
OR_Bhadrak,WB_Jhargram
OR_Bhadrak,WB_Paschim Medinipur
OR_Bhadrak,WB_Purba Medinipur
OR_Jajpur,OR_Kendrapara
OR_Jajpur,OR_Kendujhar
OR_Dhenkanal,OR_Kendujhar
OR_Cuttack,OR_Jagatsinghpur
OR_Cuttack,OR_Jajpur
OR_Cuttack,OR_Kendrapara
OR_Cuttack,OR_Khordha
OR_Cuttack,OR_Puri
OR_Nayagarh,OR_Khordha
OR_Sambalpur,OR_Sundargarh
OR_Jharsuguda,OR_Sundargarh
CT_Raigarh,OR_Sundargarh
CT_Jashpur,CT_Surguja
CT_Jashpur,JH_Gumla
CT_Jashpur,JH_Simdega
CT_Jashpur,OR_Sundargarh
CT_Balrampur2,CT_Surguja
CT_Balrampur2,JH_Garhwa
CT_Balrampur2,JH_Gumla
CT_Balrampur2,JH_Latehar
CT_Balrampur2,MP_Singrauli
CT_Balrampur2,UP_Sonbhadra
CT_Surajpur,CT_Surguja
CT_Surajpur,MP_Singrauli
CT_Koriya,MP_Anuppur
CT_Koriya,MP_Shahdol
CT_Koriya,MP_Sidhi
CT_Koriya,MP_Singrauli
CT_Korba,CT_Raigarh
CT_Korba,CT_Surajpur
CT_Korba,CT_Surguja
CT_Janjgir Champa,CT_Raigarh
HP_Bilaspur,CT_Korba
HP_Bilaspur,CT_Koriya
HP_Bilaspur,MP_Anuppur
CT_Mungeli,MP_Anuppur
CT_Mungeli,MP_Dindori
CT_Kabeerdham,MP_Balaghat
CT_Kabeerdham,MP_Dindori
CT_Kabeerdham,MP_Mandla
CT_Rajnandgaon,CT_Uttar Bastar Kanker
CT_Rajnandgaon,MH_Gondia
CT_Rajnandgaon,MP_Balaghat
MH_Gadchiroli,CT_Uttar Bastar Kanker
MH_Gadchiroli,MH_Gondia
MH_Gadchiroli,TG_Jagtial
MH_Gadchiroli,TG_Jayashankar Bhupalapally
MH_Gadchiroli,TG_Komaram Bheem
MH_Gadchiroli,TG_Nirmal
MH_Gadchiroli,TG_Peddapalli
MH_Chandrapur,MH_Wardha
MH_Chandrapur,MH_Yavatmal
MH_Chandrapur,TG_Adilabad
MH_Chandrapur,TG_Komaram Bheem
MH_Bhandara,MH_Gadchiroli
MH_Bhandara,MH_Gondia
MH_Bhandara,MP_Balaghat
MH_Nagpur,MH_Chandrapur
MH_Nagpur,MH_Wardha
MH_Nagpur,MP_Balaghat
MH_Nagpur,MP_Chhindwara
MH_Nagpur,MP_Seoni
MH_Amravati,MH_Wardha
MH_Amravati,MH_Washim
MH_Amravati,MH_Yavatmal
MH_Amravati,MP_Betul
MH_Amravati,MP_Burhanpur
MH_Amravati,MP_Chhindwara
MH_Amravati,MP_Khandwa
MH_Akola,MH_Washim
MH_Buldhana,MH_Amravati
MH_Buldhana,MH_Jalna
MH_Buldhana,MH_Washim
MH_Buldhana,MP_Burhanpur
MH_Jalgaon,MH_Dhule
MH_Jalgaon,MH_Jalna
MH_Jalgaon,MH_Nashik
MH_Jalgaon,MP_Barwani
MH_Jalgaon,MP_Burhanpur
MH_Jalgaon,MP_Khargone
MH_Aurangabad2,MH_Jalna
MH_Aurangabad2,MH_Nashik
MH_Aurangabad2,MH_Osmanabad
MH_Ahmednagar,MH_Jalna
MH_Ahmednagar,MH_Nashik
MH_Ahmednagar,MH_Osmanabad
MH_Ahmednagar,MH_Raigad
MH_Ahmednagar,MH_Satara
MH_Ahmednagar,MH_Solapur
MH_Ahmednagar,MH_Thane
MH_Latur,MH_Aurangabad2
MH_Latur,MH_Jalna
MH_Latur,MH_Nanded
MH_Latur,MH_Osmanabad
MH_Latur,MH_Ratnagiri
MH_Latur,MH_Satara
MH_Latur,MH_Sindhudurg
MH_Latur,MH_Solapur
MH_Latur,PY_Karaikal
MH_Latur,TG_Jogulamba Gadwal
MH_Latur,TG_Narayanpet
MH_Latur,TG_Sangareddy
MH_Latur,TG_Vikarabad
MH_Latur,TN_Kallakurichi
MH_Latur,TN_Krishnagiri
MH_Latur,TN_Tiruppur
MH_Kolhapur,MH_Nanded
MH_Kolhapur,MH_Osmanabad
MH_Kolhapur,MH_Ratnagiri
MH_Kolhapur,MH_Satara
MH_Kolhapur,MH_Sindhudurg
MH_Kolhapur,MH_Solapur
MH_Kolhapur,PY_Karaikal
MH_Kolhapur,TG_Jogulamba Gadwal
MH_Kolhapur,TG_Narayanpet
MH_Kolhapur,TG_Sangareddy
MH_Kolhapur,TG_Vikarabad
MH_Kolhapur,TN_Kallakurichi
MH_Kolhapur,TN_Krishnagiri
MH_Kolhapur,TN_Tiruppur
KL_Thrissur,MH_Latur
KL_Thrissur,MH_Nanded
KL_Thrissur,MH_Osmanabad
KL_Thrissur,MH_Ratnagiri
KL_Thrissur,MH_Satara
KL_Thrissur,MH_Sindhudurg
KL_Thrissur,MH_Solapur
KL_Thrissur,PY_Karaikal
KL_Thrissur,TG_Jogulamba Gadwal
KL_Thrissur,TG_Narayanpet
KL_Thrissur,TG_Sangareddy
KL_Thrissur,TG_Vikarabad
KL_Thrissur,TN_Kallakurichi
KL_Thrissur,TN_Krishnagiri
KL_Thrissur,TN_Tiruppur
KL_Thiruvananthapuram,MH_Kolhapur
KL_Thiruvananthapuram,MH_Latur
KL_Thiruvananthapuram,MH_Nanded
KL_Thiruvananthapuram,MH_Osmanabad
KL_Thiruvananthapuram,MH_Ratnagiri
KL_Thiruvananthapuram,MH_Satara
KL_Thiruvananthapuram,MH_Sindhudurg
KL_Thiruvananthapuram,MH_Solapur
KL_Thiruvananthapuram,PY_Karaikal
KL_Thiruvananthapuram,TG_Jogulamba Gadwal
KL_Thiruvananthapuram,TG_Narayanpet
KL_Thiruvananthapuram,TG_Sangareddy
KL_Thiruvananthapuram,TG_Vikarabad
KL_Thiruvananthapuram,TN_Kallakurichi
KL_Thiruvananthapuram,TN_Krishnagiri
KL_Thiruvananthapuram,TN_Tiruppur
KL_Wayanad,KL_Thrissur
KL_Wayanad,MH_Kolhapur
KL_Wayanad,MH_Latur
KL_Wayanad,MH_Nanded
KL_Wayanad,MH_Osmanabad
KL_Wayanad,MH_Ratnagiri
KL_Wayanad,MH_Satara
KL_Wayanad,MH_Sindhudurg
KL_Wayanad,MH_Solapur
KL_Wayanad,PY_Karaikal
KL_Wayanad,TG_Jogulamba Gadwal
KL_Wayanad,TG_Narayanpet
KL_Wayanad,TG_Sangareddy
KL_Wayanad,TG_Vikarabad
KL_Wayanad,TN_Kallakurichi
KL_Wayanad,TN_Krishnagiri
KL_Wayanad,TN_Tiruppur
KL_Malappuram,KL_Thiruvananthapuram
KL_Malappuram,KL_Thrissur
KL_Malappuram,KL_Wayanad
KL_Malappuram,MH_Kolhapur
KL_Malappuram,MH_Latur
KL_Malappuram,MH_Nanded
KL_Malappuram,MH_Osmanabad
KL_Malappuram,MH_Ratnagiri
KL_Malappuram,MH_Satara
KL_Malappuram,MH_Sindhudurg
KL_Malappuram,MH_Solapur
KL_Malappuram,PY_Karaikal
KL_Malappuram,TG_Jogulamba Gadwal
KL_Malappuram,TG_Narayanpet
KL_Malappuram,TG_Sangareddy
KL_Malappuram,TG_Vikarabad
KL_Malappuram,TN_Kallakurichi
KL_Malappuram,TN_Krishnagiri
KL_Malappuram,TN_Tiruppur
KL_Idukki,KL_Thiruvananthapuram
KL_Idukki,KL_Thrissur
KL_Idukki,KL_Wayanad
KL_Idukki,MH_Kolhapur
KL_Idukki,MH_Latur
KL_Idukki,MH_Nanded
KL_Idukki,MH_Osmanabad
KL_Idukki,MH_Ratnagiri
KL_Idukki,MH_Satara
KL_Idukki,MH_Sindhudurg
KL_Idukki,MH_Solapur
KL_Idukki,PY_Karaikal
KL_Idukki,TG_Jogulamba Gadwal
KL_Idukki,TG_Narayanpet
KL_Idukki,TG_Sangareddy
KL_Idukki,TG_Vikarabad
KL_Idukki,TN_Kallakurichi
KL_Idukki,TN_Krishnagiri
KL_Idukki,TN_Tiruppur
KL_Kollam,KL_Malappuram
KL_Kollam,KL_Thiruvananthapuram
KL_Kollam,KL_Thrissur
KL_Kollam,KL_Wayanad
KL_Kollam,MH_Kolhapur
KL_Kollam,MH_Latur
KL_Kollam,MH_Nanded
KL_Kollam,MH_Osmanabad
KL_Kollam,MH_Ratnagiri
KL_Kollam,MH_Satara
KL_Kollam,MH_Sindhudurg
KL_Kollam,MH_Solapur
KL_Kollam,PY_Karaikal
KL_Kollam,TG_Jogulamba Gadwal
KL_Kollam,TG_Narayanpet
KL_Kollam,TG_Sangareddy
KL_Kollam,TG_Vikarabad
KL_Kollam,TN_Kallakurichi
KL_Kollam,TN_Krishnagiri
KL_Kollam,TN_Tiruppur
KL_Alappuzha,KL_Kottayam
KL_Ernakulam,KL_Idukki
KL_Ernakulam,KL_Kollam
KL_Ernakulam,KL_Kottayam
KL_Ernakulam,KL_Malappuram
KL_Ernakulam,KL_Thiruvananthapuram
KL_Ernakulam,KL_Thrissur
KL_Ernakulam,KL_Wayanad
KL_Ernakulam,MH_Kolhapur
KL_Ernakulam,MH_Latur
KL_Ernakulam,MH_Nanded
KL_Ernakulam,MH_Osmanabad
KL_Ernakulam,MH_Ratnagiri
KL_Ernakulam,MH_Satara
KL_Ernakulam,MH_Sindhudurg
KL_Ernakulam,MH_Solapur
KL_Ernakulam,PY_Karaikal
KL_Ernakulam,TG_Jogulamba Gadwal
KL_Ernakulam,TG_Narayanpet
KL_Ernakulam,TG_Sangareddy
KL_Ernakulam,TG_Vikarabad
KL_Ernakulam,TN_Kallakurichi
KL_Ernakulam,TN_Krishnagiri
KL_Ernakulam,TN_Tiruppur
KA_Kodagu,KL_Idukki
KA_Kodagu,KL_Kollam
KA_Kodagu,KL_Kozhikode
KA_Kodagu,KL_Malappuram
KA_Kodagu,KL_Thiruvananthapuram
KA_Kodagu,KL_Thrissur
KA_Kodagu,KL_Wayanad
KA_Kodagu,MH_Kolhapur
KA_Kodagu,MH_Latur
KA_Kodagu,MH_Nanded
KA_Kodagu,MH_Osmanabad
KA_Kodagu,MH_Ratnagiri
KA_Kodagu,MH_Satara
KA_Kodagu,MH_Sindhudurg
KA_Kodagu,MH_Solapur
KA_Kodagu,PY_Karaikal
KA_Kodagu,TG_Jogulamba Gadwal
KA_Kodagu,TG_Narayanpet
KA_Kodagu,TG_Sangareddy
KA_Kodagu,TG_Vikarabad
KA_Kodagu,TN_Kallakurichi
KA_Kodagu,TN_Krishnagiri
KA_Kodagu,TN_Tiruppur
KA_Dakshina Kannada,KL_Ernakulam
KA_Dakshina Kannada,KL_Idukki
KA_Dakshina Kannada,KL_Kollam
KA_Dakshina Kannada,KL_Kozhikode
KA_Dakshina Kannada,KL_Malappuram
KA_Dakshina Kannada,KL_Thiruvananthapuram
KA_Dakshina Kannada,KL_Thrissur
KA_Dakshina Kannada,KL_Wayanad
KA_Dakshina Kannada,MH_Kolhapur
KA_Dakshina Kannada,MH_Latur
KA_Dakshina Kannada,MH_Nanded
KA_Dakshina Kannada,MH_Osmanabad
KA_Dakshina Kannada,MH_Ratnagiri
KA_Dakshina Kannada,MH_Satara
KA_Dakshina Kannada,MH_Sindhudurg
KA_Dakshina Kannada,MH_Solapur
KA_Dakshina Kannada,PY_Karaikal
KA_Dakshina Kannada,TG_Jogulamba Gadwal
KA_Dakshina Kannada,TG_Narayanpet
KA_Dakshina Kannada,TG_Sangareddy
KA_Dakshina Kannada,TG_Vikarabad
KA_Dakshina Kannada,TN_Kallakurichi
KA_Dakshina Kannada,TN_Krishnagiri
KA_Dakshina Kannada,TN_Tiruppur
KA_Uttara Kannada,KA_Kodagu
KA_Uttara Kannada,KL_Ernakulam
KA_Uttara Kannada,KL_Idukki
KA_Uttara Kannada,KL_Kollam
KA_Uttara Kannada,KL_Malappuram
KA_Uttara Kannada,KL_Thiruvananthapuram
KA_Uttara Kannada,KL_Thrissur
KA_Uttara Kannada,KL_Wayanad
KA_Uttara Kannada,MH_Kolhapur
KA_Uttara Kannada,MH_Latur
KA_Uttara Kannada,MH_Nanded
KA_Uttara Kannada,MH_Osmanabad
KA_Uttara Kannada,MH_Ratnagiri
KA_Uttara Kannada,MH_Satara
KA_Uttara Kannada,MH_Sindhudurg
KA_Uttara Kannada,MH_Solapur
KA_Uttara Kannada,PY_Karaikal
KA_Uttara Kannada,TG_Jogulamba Gadwal
KA_Uttara Kannada,TG_Narayanpet
KA_Uttara Kannada,TG_Sangareddy
KA_Uttara Kannada,TG_Vikarabad
KA_Uttara Kannada,TN_Kallakurichi
KA_Uttara Kannada,TN_Krishnagiri
KA_Uttara Kannada,TN_Tiruppur
GA_North Goa,KA_Dakshina Kannada
GA_North Goa,KA_Kodagu
GA_North Goa,KA_Uttara Kannada
GA_North Goa,KL_Ernakulam
GA_North Goa,KL_Idukki
GA_North Goa,KL_Kollam
GA_North Goa,KL_Malappuram
GA_North Goa,KL_Thiruvananthapuram
GA_North Goa,KL_Thrissur
GA_North Goa,KL_Wayanad
GA_North Goa,MH_Kolhapur
GA_North Goa,MH_Latur
GA_North Goa,MH_Nanded
GA_North Goa,MH_Osmanabad
GA_North Goa,MH_Ratnagiri
GA_North Goa,MH_Satara
GA_North Goa,MH_Sindhudurg
GA_North Goa,MH_Solapur
GA_North Goa,PY_Karaikal
GA_North Goa,TG_Jogulamba Gadwal
GA_North Goa,TG_Narayanpet
GA_North Goa,TG_Sangareddy
GA_North Goa,TG_Vikarabad
GA_North Goa,TN_Kallakurichi
GA_North Goa,TN_Krishnagiri
GA_North Goa,TN_Tiruppur
TG_Kamareddy,KA_Dakshina Kannada
TG_Kamareddy,KA_Kodagu
TG_Kamareddy,KA_Uttara Kannada
TG_Kamareddy,KL_Ernakulam
TG_Kamareddy,KL_Idukki
TG_Kamareddy,KL_Kollam
TG_Kamareddy,KL_Malappuram
TG_Kamareddy,KL_Thiruvananthapuram
TG_Kamareddy,KL_Thrissur
TG_Kamareddy,KL_Wayanad
TG_Kamareddy,MH_Kolhapur
TG_Kamareddy,MH_Latur
TG_Kamareddy,MH_Nanded
TG_Kamareddy,MH_Osmanabad
TG_Kamareddy,MH_Ratnagiri
TG_Kamareddy,MH_Satara
TG_Kamareddy,MH_Sindhudurg
TG_Kamareddy,MH_Solapur
TG_Kamareddy,PY_Karaikal
TG_Kamareddy,TG_Jogulamba Gadwal
TG_Kamareddy,TG_Medak
TG_Kamareddy,TG_Narayanpet
TG_Kamareddy,TG_Nizamabad
TG_Kamareddy,TG_Rajanna Sircilla
TG_Kamareddy,TG_Sangareddy
TG_Kamareddy,TG_Vikarabad
TG_Kamareddy,TN_Kallakurichi
TG_Kamareddy,TN_Krishnagiri
TG_Kamareddy,TN_Tiruppur
TG_Siddipet,TG_Karimnagar
TG_Siddipet,TG_Medak
TG_Siddipet,TG_Medchal Malkajgiri
TG_Siddipet,TG_Rajanna Sircilla
TG_Siddipet,TG_Warangal Urban
TG_Siddipet,TG_Yadadri Bhuvanagiri
TG_Jangaon,TG_Suryapet
TG_Jangaon,TG_Warangal Rural
TG_Jangaon,TG_Warangal Urban
TG_Jangaon,TG_Yadadri Bhuvanagiri
TG_Mahabubabad,TG_Mulugu
TG_Mahabubabad,TG_Suryapet
TG_Mahabubabad,TG_Warangal Rural
TG_Khammam,TG_Suryapet
TG_Bhadradri Kothagudem,TG_Mahabubabad
TG_Bhadradri Kothagudem,TG_Mulugu
CT_Narayanpur,CT_Uttar Bastar Kanker
CT_Narayanpur,MH_Gadchiroli
CT_Kondagaon,CT_Sukma
CT_Kondagaon,CT_Uttar Bastar Kanker
CT_Kondagaon,OR_Nabarangapur
CT_Bijapur,CT_Narayanpur
CT_Bijapur,CT_Sukma
CT_Bijapur,MH_Gadchiroli
CT_Bijapur,TG_Bhadradri Kothagudem
CT_Bijapur,TG_Jayashankar Bhupalapally
CT_Bijapur,TG_Mulugu
CT_Bastar,CT_Kondagaon
CT_Bastar,CT_Narayanpur
CT_Bastar,CT_Sukma
CT_Bastar,OR_Malkangiri
CT_Bastar,OR_Nabarangapur
OR_Koraput,OR_Malkangiri
OR_Koraput,OR_Nabarangapur
OR_Koraput,OR_Rayagada
OR_Kalahandi,OR_Nabarangapur
OR_Kalahandi,OR_Nuapada
OR_Kalahandi,OR_Rayagada
CT_Gariaband,OR_Nabarangapur
CT_Gariaband,OR_Nuapada
CT_Dhamtari,CT_Kondagaon
CT_Dhamtari,CT_Raipur
CT_Dhamtari,CT_Uttar Bastar Kanker
CT_Dhamtari,OR_Nabarangapur
CT_Balod,CT_Rajnandgaon
CT_Balod,CT_Uttar Bastar Kanker
CT_Durg,CT_Dhamtari
CT_Durg,CT_Raipur
CT_Durg,CT_Rajnandgaon
CT_Bametara,CT_Kabeerdham
CT_Bametara,CT_Mungeli
CT_Bametara,CT_Raipur
CT_Bametara,CT_Rajnandgaon
CT_Baloda Bazar,CT_Janjgir Champa
CT_Baloda Bazar,CT_Mungeli
CT_Baloda Bazar,CT_Raigarh
CT_Baloda Bazar,CT_Raipur
CT_Baloda Bazar,HP_Bilaspur
CT_Mahasamund,CT_Gariaband
CT_Mahasamund,CT_Raigarh
CT_Mahasamund,CT_Raipur
CT_Mahasamund,OR_Nuapada
OR_Bargarh,CT_Raigarh
OR_Bargarh,OR_Boudh
OR_Bargarh,OR_Jharsuguda
OR_Bargarh,OR_Nuapada
OR_Bargarh,OR_Sambalpur
OR_Angul,OR_Boudh
OR_Angul,OR_Cuttack
OR_Angul,OR_Dhenkanal
OR_Angul,OR_Kendujhar
OR_Angul,OR_Nayagarh
OR_Angul,OR_Sambalpur
OR_Angul,OR_Sundargarh
OR_Balangir,OR_Bargarh
OR_Balangir,OR_Boudh
OR_Balangir,OR_Kalahandi
OR_Balangir,OR_Nuapada
OR_Balangir,OR_Sambalpur
OR_Kandhamal,OR_Boudh
OR_Kandhamal,OR_Kalahandi
OR_Kandhamal,OR_Nayagarh
OR_Kandhamal,OR_Rayagada
OR_Ganjam,OR_Khordha
OR_Ganjam,OR_Nayagarh
OR_Ganjam,OR_Puri
OR_Gajapati,OR_Kandhamal
OR_Gajapati,OR_Rayagada
AP_Srikakulam,OR_Ganjam
AP_Srikakulam,OR_Rayagada
AP_Vizianagaram,OR_Koraput
AP_Vizianagaram,OR_Rayagada
AP_Visakhapatnam,OR_Koraput
AP_Visakhapatnam,OR_Malkangiri
AP_East Godavari,CT_Sukma
AP_East Godavari,OR_Malkangiri
AP_East Godavari,TG_Bhadradri Kothagudem
AP_West Godavari,TG_Bhadradri Kothagudem
AP_West Godavari,TG_Khammam
AP_Krishna,TG_Khammam
AP_Krishna,TG_Suryapet
AP_Guntur,TG_Nagarkurnool
AP_Guntur,TG_Nalgonda
AP_Guntur,TG_Suryapet
AP_Prakasam,GA_North Goa
AP_Prakasam,KA_Dakshina Kannada
AP_Prakasam,KA_Kodagu
AP_Prakasam,KA_Uttara Kannada
AP_Prakasam,KL_Ernakulam
AP_Prakasam,KL_Idukki
AP_Prakasam,KL_Kollam
AP_Prakasam,KL_Malappuram
AP_Prakasam,KL_Thiruvananthapuram
AP_Prakasam,KL_Thrissur
AP_Prakasam,KL_Wayanad
AP_Prakasam,MH_Kolhapur
AP_Prakasam,MH_Latur
AP_Prakasam,MH_Nanded
AP_Prakasam,MH_Osmanabad
AP_Prakasam,MH_Ratnagiri
AP_Prakasam,MH_Satara
AP_Prakasam,MH_Sindhudurg
AP_Prakasam,MH_Solapur
AP_Prakasam,PY_Karaikal
AP_Prakasam,TG_Jogulamba Gadwal
AP_Prakasam,TG_Kamareddy
AP_Prakasam,TG_Nagarkurnool
AP_Prakasam,TG_Narayanpet
AP_Prakasam,TG_Sangareddy
AP_Prakasam,TG_Vikarabad
AP_Prakasam,TN_Kallakurichi
AP_Prakasam,TN_Krishnagiri
AP_Prakasam,TN_Tiruppur
AP_Kurnool,GA_North Goa
AP_Kurnool,KA_Dakshina Kannada
AP_Kurnool,KA_Kodagu
AP_Kurnool,KA_Uttara Kannada
AP_Kurnool,KL_Ernakulam
AP_Kurnool,KL_Idukki
AP_Kurnool,KL_Kollam
AP_Kurnool,KL_Malappuram
AP_Kurnool,KL_Thiruvananthapuram
AP_Kurnool,KL_Thrissur
AP_Kurnool,KL_Wayanad
AP_Kurnool,MH_Kolhapur
AP_Kurnool,MH_Latur
AP_Kurnool,MH_Nanded
AP_Kurnool,MH_Osmanabad
AP_Kurnool,MH_Ratnagiri
AP_Kurnool,MH_Satara
AP_Kurnool,MH_Sindhudurg
AP_Kurnool,MH_Solapur
AP_Kurnool,PY_Karaikal
AP_Kurnool,TG_Jogulamba Gadwal
AP_Kurnool,TG_Kamareddy
AP_Kurnool,TG_Nagarkurnool
AP_Kurnool,TG_Narayanpet
AP_Kurnool,TG_Sangareddy
AP_Kurnool,TG_Vikarabad
AP_Kurnool,TG_Wanaparthy
AP_Kurnool,TN_Kallakurichi
AP_Kurnool,TN_Krishnagiri
AP_Kurnool,TN_Tiruppur
AP_Chittoor,AP_Prakasam
AP_Chittoor,GA_North Goa
AP_Chittoor,KA_Dakshina Kannada
AP_Chittoor,KA_Kodagu
AP_Chittoor,KA_Uttara Kannada
AP_Chittoor,KL_Ernakulam
AP_Chittoor,KL_Idukki
AP_Chittoor,KL_Kollam
AP_Chittoor,KL_Malappuram
AP_Chittoor,KL_Thiruvananthapuram
AP_Chittoor,KL_Thrissur
AP_Chittoor,KL_Wayanad
AP_Chittoor,MH_Kolhapur
AP_Chittoor,MH_Latur
AP_Chittoor,MH_Nanded
AP_Chittoor,MH_Osmanabad
AP_Chittoor,MH_Ratnagiri
AP_Chittoor,MH_Satara
AP_Chittoor,MH_Sindhudurg
AP_Chittoor,MH_Solapur
AP_Chittoor,PY_Karaikal
AP_Chittoor,TG_Jogulamba Gadwal
AP_Chittoor,TG_Kamareddy
AP_Chittoor,TG_Narayanpet
AP_Chittoor,TG_Sangareddy
AP_Chittoor,TG_Vikarabad
AP_Chittoor,TN_Kallakurichi
AP_Chittoor,TN_Krishnagiri
AP_Chittoor,TN_Tiruppur
